YYMMDD;TIME;LOCATION;DEPTH;MAG;EVALMODE;Latitude;Longitude
19861226;7475100;Assen;10;28;manual;52,992;6,548
19871214;20494800;Hooghalen;15;25;manual;52,928;6,552
19891201;20091680;Kwadijk;12;27;manual;52,529;4,971
19910215;2111654;Emmen;30;22;manual;52,771;6,914
19910425;10263158;Eleveld;30;26;manual;52,952;6,575
19910808;4011422;Assen;30;27;manual;52,965;6,573
19911205;245500;Middelstum;30;24;manual;53,358;6,657
19920523;15291143;Geelbroek;30;26;manual;52,953;6,572
19920524;18000595;Assen;30;16;manual;52,956;6,562
19920611;17093700;Roswinkel;15;27;manual;52,831;7,32
19920722;23231320;Assen;30;26;manual;52,961;6,57
19921206;20343201;Loppersum;30;13;manual;53,32;6,74
19921211;13005005;Froombosch;30;14;manual;53,21;6,747
19930212;11460091;Tjuchem;30;10;manual;53,294;6,868
19930305;22272522;Langelo;30;15;manual;53,84;6,465
19930312;22124152;Sappemeer;30;9;manual;53,16;6,805
19930326;18342116;Overschild;30;11;manual;53,285;6,795
19930505;20083279;Westerbroek;30;15;manual;53,177;6,685
19930514;19394200;Wirdum;30;11;manual;53,305;6,793
19930627;2085180;Westerwijtwerd;30;14;manual;53,316;6,65
19930627;2571006;Stedum;30;10;manual;53,315;6,66
19930710;223451;Oosterwijtwerd;30;14;manual;53,333;6,837
19930727;13391807;Oosterwijtwerd;30;8;manual;53,336;6,808
19930823;512169;Appingedam;30;7;manual;53,332;6,848
19930904;2245015;'t Zandt;30;14;manual;53,363;6,765
19930922;17370382;Eppenhuizen;30;20;manual;53,368;6,675
19930925;213346;Slochteren;30;9;manual;53,208;6,812
19931123;12314768;Slochteren;30;22;manual;53,202;6,82
19931222;2044279;Ten Post;30;16;manual;53,294;6,753
19940204;21323891;Garrelsweer;30;13;manual;53,306;6,777
19940205;15100580;Roswinkel;15;29;manual;52,833;7,45
19940228;21001659;Garsthuizen;30;6;manual;53,37;6,72
19940302;10363809;Overschild;30;15;manual;53,279;6,807
19940306;20023123;Appingedam;30;10;manual;53,323;6,805
19940314;9310118;Leermens;30;13;manual;53,345;6,808
19940314;10440000;Zandeweer;30;16;manual;53,39;6,68
19940314;22320967;Kolham;30;11;manual;53,17;6,747
19940324;5290380;Farmsum;30;8;manual;53,316;6,962
19940404;18461165;Overschild;30;13;manual;53,275;6,828
19940507;20085367;Froombosch;30;10;manual;53,194;6,798
19940510;1341197;Schildwolde;30;8;manual;53,226;6,835
19940605;2145079;Meedhuizen;30;10;manual;53,294;6,95
19940606;4082616;Zuidbroek;30;10;manual;53,156;6,823
19940608;22202455;Huizinge;30;15;manual;53,359;6,682
19940626;17443888;Appingedam;30;10;manual;53,335;6,852
19940627;20585388;Roodeschool;30;17;manual;53,423;6,77
19940701;6274261;Onderdendam;30;27;manual;53,324;6,613
19940719;8172967;Garsthuizen;30;20;manual;53,372;6,743
19940730;9182078;Toornwerd;10;27;manual;53,351;6,628
19940730;9532968;Warffum;10;13;manual;53,365;6,577
19940806;18021920;Bergen;25;30;manual;52,654;4,711
19940816;14373985;Anloo;30;23;manual;53,61;6,698
19940907;22060430;Warffum;30;14;manual;53,402;6,575
19940909;15565438;Erica;30;17;manual;52,714;6,915
19940921;1125813;Bergen;25;32;manual;52,658;4,708
19940923;19500000;Schoonebeek;30;13;manual;52,67;6,88
19941026;21410183;Luddeweer;30;12;manual;53,246;6,737
19941213;21504658;Overschild;30;10;manual;53,282;6,815
19950124;9383919;Delfzijl;30;13;manual;53,316;6,897
19950131;19475562;Annen;30;20;manual;53,63;6,72
19950201;313200;Nieuw Annerveen;30;12;manual;53,79;6,775
19950321;16374434;Eems-Dollard (nabij Eemshaven);30;11;manual;53,438;6,913
19950406;8034345;Huizinge;30;20;manual;53,36;6,68
19950426;17354964;Zuidlaren;30;7;manual;53,84;6,668
19950515;9523935;Meedhuizen;30;18;manual;53,309;6,945
19950603;22063820;Tolbert;30;9;manual;53,19;6,358
19950620;8594012;Roswinkel;20;27;manual;52,832;7,3
19950715;16053914;Slochteren;30;10;manual;53,206;6,823
19950721;23244048;Farmsum;30;11;manual;53,276;6,963
19950913;21343683;Loppersum;30;11;manual;53,335;6,728
19951018;342736;Peize;30;13;manual;53,129;6,492
19951102;1070071;Westeremden;30;16;manual;53,352;6,718
19951104;5504321;Uithuizermeeden;30;18;manual;53,47;6,722
19951120;2205473;Garrelsweer;30;11;manual;53,315;6,762
19951224;13263416;Jisp;30;23;manual;52,511;4,847
19951230;2040894;Roswinkel;30;12;manual;52,845;7,48
19960212;14022424;Overschild;30;9;manual;53,256;6,767
19960224;3310756;Emmen;30;18;manual;52,761;6,908
19960225;13550930;Roswinkel;15;9;manual;52,838;7,62
19960229;8073442;Middelstum;30;20;manual;53,343;6,64
19960306;9205020;Roswinkel;15;16;manual;52,838;7,62
19960312;514467;Nieuw Annerveen;30;11;manual;53,64;6,79
19960312;12134817;Roswinkel;20;26;manual;52,838;7,59
19960312;18341268;Zeegse;30;8;manual;53,72;6,653
19960314;22235830;Roswinkel;20;11;manual;52,838;7,64
19960316;4163277;Appingedam;30;14;manual;53,298;6,848
19960321;18190548;Roswinkel;20;18;manual;52,833;7,54
19960401;18534519;Amen;30;6;manual;52,94;6,608
19960401;23281839;Nieuw Annerveen;30;1;manual;53,67;6,79
19960409;13583443;Eexterveen;30;11;manual;53,59;6,798
19960415;3413120;Ten Boer;30;9;manual;53,289;6,688
19960417;19051218;Holwierde;30;9;manual;53,357;6,883
19960421;21360232;Rottum;30;5;manual;53,376;6,595
19960425;23222044;Holwierde;30;9;manual;53,356;6,863
19960607;4205664;Annerveenschekanaal;30;12;manual;53,85;6,78
19960607;8340701;Garrelsweer;30;13;manual;53,309;6,778
19960607;14591082;Wildervank;30;7;manual;53,82;6,832
19960616;2532788;Geelbroek;30;17;manual;52,947;6,568
19960703;21400716;Eexterveen;30;8;manual;53,53;6,803
19960804;421783;Wachtum;30;16;manual;52,724;6,738
19960806;13382776;Emmen;30;16;manual;52,755;6,917
19960809;2314571;Schipborg;30;3;manual;53,57;6,688
19960809;6384714;Farmsum;30;16;manual;53,287;6,958
19960811;1101625;Laar (Duitsland);30;7;manual;52,601;6,782
19960825;22241114;Geelbroek;30;17;manual;52,945;6,57
19960902;5205192;Roden;30;21;manual;53,147;6,422
19961016;5090010;Amen;30;13;manual;52,941;6,61
19961116;3334987;Zeerijp;30;13;manual;53,355;6,755
19961117;4595205;Wachtum;30;22;manual;52,724;6,732
19961130;20265795;Nietap;30;10;manual;53,165;6,41
19961206;16464800;Roswinkel;15;16;manual;52,835;7,53
19961216;16011516;Wildervank;30;5;manual;53,72;6,815
19961216;16065021;Wildervank;30;-1;manual;53,78;6,822
19961226;19520557;Overschild;30;-2;manual;53,261;6,765
19961228;540857;Bunne;30;19;manual;53,107;6,505
19961228;18165658;Roswinkel;20;27;manual;52,834;7,43
19961228;23394690;Bunne;30;18;manual;53,111;6,502
19970108;1205449;Westeremden;30;15;manual;53,338;6,713
19970114;21134062;Ekehaar;30;7;manual;52,943;6,577
19970116;124739;Roswinkel;20;24;manual;52,835;7,46
19970124;4000454;Zuidlaren;30;6;manual;53,79;6,678
19970217;7205523;Zijldijk;30;16;manual;53,387;6,752
19970217;11160047;Geelbroek;30;12;manual;52,947;6,568
19970219;21535081;Roswinkel;20;34;manual;52,832;7,38
19970226;19312243;Laar (Duitsland);30;12;manual;52,642;6,803
19970302;15253254;Pieterzijl;30;13;manual;53,288;6,267
19970308;14290428;Borgercompagnie;30;-8;manual;53,106;6,815
19970325;130774;Overschild;30;-2;manual;53,252;6,748
19970401;341904;Emmen;30;14;manual;52,768;6,873
19970409;22214397;Noordbroek;30;5;manual;53,2;6,865
19970417;20280290;Roswinkel;20;8;manual;52,834;7,53
19970429;18164634;Schildwolde;30;14;manual;53,249;6,803
19970504;2423974;Meedhuizen;30;11;manual;53,3;6,93
19970504;4290985;Hoogezand;30;8;manual;53,144;6,737
19970519;15435909;Roswinkel;20;13;manual;52,836;7,53
19970606;19391888;Tjuchem;30;12;manual;53,292;6,875
19970619;23192556;Zeerijp;30;18;manual;53,364;6,753
19970620;453770;Roswinkel;20;18;manual;52,831;7,55
19970621;303308;Zuidlaarderveen;35;19;manual;53,94;6,752
19970709;6231206;Roswinkel;20;12;manual;52,833;7,53
19970717;2562971;Annen;30;-7;manual;53,61;6,717
19970723;6443604;Overschild;30;12;manual;53,247;6,753
19970818;4422877;Roswinkel;20;16;manual;52,834;7,5
19970818;5173225;Roswinkel;20;21;manual;52,834;7,5
19970822;10270885;Eexterveen;30;2;manual;53,63;6,813
19970823;15653;Eexterveen;30;6;manual;53,63;6,813
19970823;19393504;Lageland;30;16;manual;53,239;6,683
19970913;21304102;Loppersum;30;11;manual;53,338;6,747
19970914;19390259;Annen;30;4;manual;53,45;6,74
19971101;22562587;Uithuizen;30;14;manual;53,427;6,705
19971103;18124877;Donderen;30;14;manual;53,108;6,513
19971104;19550194;Wirdum;30;17;manual;53,328;6,793
19971115;16223214;Borgercompagnie;30;3;manual;53,104;6,822
19971120;17352104;Slochteren;30;12;manual;53,206;6,792
19971126;2353701;Overschild;30;2;manual;53,254;6,765
19971203;14471971;Tjuchem;30;18;manual;53,279;6,897
19971203;15010365;Siddeburen;30;13;manual;53,244;6,858
19971207;7024449;Zuidlaren;30;3;manual;53,75;6,702
19971223;6213211;Farmsum;30;13;manual;53,316;7,15
19980108;8114526;Amen;30;12;manual;52,937;6,597
19980122;10315515;Assen;35;11;manual;52,984;6,547
19980128;21330384;Roswinkel;20;27;manual;52,833;7,42
19980128;22340437;Roswinkel;20;20;manual;52,833;7,37
19980131;8393926;Overschild;30;7;manual;53,236;6,745
19980205;21114934;Meedhuizen;30;11;manual;53,291;6,935
19980215;7241642;Zeerijp;30;26;manual;53,356;6,773
19980329;6064052;Loppersum;30;13;manual;53,345;6,73
19980419;8001208;Loppersum;30;15;manual;53,339;6,723
19980419;15323572;Uithuizen;30;16;manual;53,425;6,682
19980428;2022527;Veendam;30;4;manual;53,107;6,865
19980430;1084172;Scharmer;30;9;manual;53,197;6,707
19980518;22034246;Uithuizermeeden;30;13;manual;53,404;6,732
19980530;9431514;Froombosch;30;9;manual;53,203;6,777
19980714;12120223;Roswinkel;20;33;manual;52,833;7,53
19980814;19251689;Froombosch;30;11;manual;53,192;6,803
19980824;4285800;Wirdum;30;24;manual;53,298;6,81
19980905;20361124;Emmen;30;19;manual;52,742;6,875
19981004;3283297;Zeerijp;30;10;manual;53,353;6,748
19981020;21320500;Deurze;30;8;manual;52,974;6,607
19981101;17482950;Eleveld;30;13;manual;52,955;6,572
19981212;7513952;Zandeweer;30;20;manual;53,392;6,698
19981226;23480219;Schildwolde;30;16;manual;53,215;6,83
19990111;9354153;Roswinkel;20;11;manual;52,837;7,57
19990113;19363703;'t Zandt;30;21;manual;53,359;6,777
19990131;4530059;Steendam;30;4;manual;53,255;6,825
19990305;19004023;Kiel-Windeweer;30;10;manual;53,101;6,792
19990306;5563996;Wirdum;30;16;manual;53,325;6,778
19990312;19064297;Roswinkel;20;13;manual;52,833;7,51
19990317;23142546;Roswinkel;20;15;manual;52,832;7,52
19990421;10595644;Appingedam;30;14;manual;53,312;6,84
19990422;22580290;Ureterp;30;10;manual;53,111;6,152
19990506;18135632;Roswinkel;20;14;manual;52,836;7,55
19990508;20401893;Stedum;30;16;manual;53,325;6,7
19990514;18302073;Roswinkel;20;17;manual;52,834;7,52
19990515;19283036;Roswinkel;20;14;manual;52,834;7,52
19990521;93886;Sappemeer;30;7;manual;53,164;6,815
19990607;20203138;Steenbergen;30;11;manual;53,97;6,402
19990707;9031136;Grolloo;30;13;manual;52,95;6,627
19990810;23241831;Startenhuizen;30;14;manual;53,382;6,727
19990811;1180096;Westeremden;30;7;manual;53,346;6,702
19990907;17162354;Nieuw Annerveen;30;15;manual;53,68;6,795
19990907;19475109;Eexterveen;30;5;manual;53,57;6,813
19991018;18560954;Zuidlaren;30;4;manual;53,78;6,718
19991018;18575540;Schipborg;30;3;manual;53,6;6,678
19991022;13191677;Ekehaar;30;17;manual;52,941;6,592
19991208;5392847;Sappemeer;30;3;manual;53,179;6,802
19991209;9380005;Schildwolde;30;11;manual;53,246;6,803
19991209;9521296;Froombosch;30;10;manual;53,183;6,798
19991210;6133201;Sappemeer;30;14;manual;53,175;6,792
19991220;12292969;Westeremden;30;15;manual;53,352;6,71
19991221;4523774;Froombosch;30;10;manual;53,19;6,765
19991224;23524112;Farmsum;30;18;manual;53,32;6,947
19991231;11005533;Roswinkel;20;28;manual;52,835;7,48
20000107;14190676;Roswinkel;20;11;manual;52,834;7,43
20000110;4180746;Schipborg;30;6;manual;53,77;6,655
20000212;19481061;Appingedam;35;17;manual;53,321;6,822
20000319;16133608;Westeremden;30;16;manual;53,343;6,698
20000327;10232203;Roswinkel;20;8;manual;52,835;7,45
20000401;3135138;Dalen;30;13;manual;52,685;6,75
20000408;11072968;Groningen;30;12;manual;53,205;6,632
20000408;21131780;Losdorp;30;11;manual;53,37;6,845
20000414;23074779;Garrelsweer;30;12;manual;53,308;6,772
20000516;1111473;Eppenhuizen;30;19;manual;53,38;6,71
20000609;17034728;Wildervank;30;11;manual;53,87;6,813
20000611;4122013;Zeerijp;30;20;manual;53,348;6,763
20000612;15482301;Loppersum;30;25;manual;53,34;6,742
20000615;1422495;Steendam;30;25;manual;53,28;6,847
20000706;23095672;Zeerijp;30;12;manual;53,34;6,752
20000710;15054912;Vries;30;10;manual;53,64;6,575
20000713;8415243;Vries;30;11;manual;53,79;6,565
20000716;1341200;'t Zandt;30;15;manual;53,367;6,782
20000922;17051677;Wildervank;30;10;manual;53,76;6,82
20000922;20520640;Nieuw Annerveen;30;22;manual;53,82;6,793
20000923;3474743;Nieuw Annerveen;27;10;manual;53,81;6,788
20001025;18103479;Roswinkel;23;32;manual;52,832;7,52
20001112;2163627;Deurze;30;3;manual;52,977;6,608
20001129;16064839;Laar (Duitsland);30;16;manual;52,626;6,742
20001223;5200617;Borgercompagnie;30;4;manual;53,108;6,812
20001226;16335764;Meedhuizen;30;14;manual;53,294;6,91
20010226;11390731;Wildervank;30;8;manual;53,72;6,822
20010318;4142068;Lageland;30;16;manual;53,243;6,692
20010428;10000829;Geelbroek;30;15;manual;52,948;6,567
20010428;10005551;Eleveld;30;11;manual;52,959;6,575
20010428;23001588;Roswinkel;20;24;manual;52,833;7,53
20010517;7481547;Haren;30;14;manual;53,173;6,612
20010610;3353320;Annen;30;5;manual;53,49;6,753
20010619;6495557;Wildervank;30;10;manual;53,79;6,82
20010621;3504905;Garrelsweer;30;17;manual;53,295;6,8
20010807;17090150;Veendam;30;3;manual;53,97;6,845
20010909;6581252;Bergen;20;35;manual;52,651;4,713
20010910;4301543;Bergen;20;32;manual;52,653;4,712
20011010;6410936;Schoorl;29;27;manual;52,682;4,648
20011010;14064335;Slochteren;30;10;manual;53,239;6,763
20011010;14065724;Slochteren;30;8;manual;53,24;6,763
20011112;14331537;Waddenzee (nabij Dornum);30;14;manual;53,694;7,377
20011204;19083106;Froombosch;30;2;manual;53,204;6,785
20011204;19083783;Froombosch;30;0;manual;53,204;6,785
20011204;22333796;Froombosch;30;10;manual;53,21;6,743
20011211;15171762;Slochteren;30;7;manual;53,217;6,788
20011220;1254298;Wildervank;30;5;manual;53,81;6,838
20011225;23281171;Uithuizen;30;11;manual;53,397;6,682
20011226;12365307;Eexterveen;30;-2;manual;53,56;6,805
20020205;10303974;Stedum;30;22;manual;53,319;6,717
20020214;17010474;Roswinkel;20;21;manual;52,831;7,35
20020227;3521403;Oosterwijtwerd;30;11;manual;53,337;6,827
20020317;2162790;Donderen;30;4;manual;53,93;6,543
20020414;1114449;Nieuw Annerveen;30;17;manual;53,72;6,787
20020510;10334895;Bierum;30;17;manual;53,378;6,857
20020511;10072322;Ekehaar;30;15;manual;52,943;6,58
20020522;13381304;Eleveld;30;10;manual;52,956;6,585
20020628;3064738;Smilde;30;18;manual;52,968;6,45
20020718;5311683;Froombosch;30;16;manual;53,188;6,783
20020727;15010863;Geelbroek;30;16;manual;52,947;6,565
20020805;19281016;Gasteren;30;9;manual;53,55;6,657
20020829;21132274;Luddeweer;30;0;manual;53,247;6,747
20020905;2145;Beerze;30;9;manual;52,508;6,563
20020906;6070550;Borgercompagnie;30;6;manual;53,112;6,842
20020922;7133343;Schipborg;30;6;manual;53,56;6,68
20020922;7301381;Taarlo;30;5;manual;53,35;6,638
20021012;2321363;Borgercompagnie;30;9;manual;53,106;6,815
20021014;23452251;Roswinkel;20;9;manual;52,834;7,45
20021019;18033943;Nieuw Annerveen;18;13;manual;53,68;6,768
20021214;132462;Dalerveen;30;14;manual;52,676;6,832
20021216;12233909;Zuidlaren;30;14;manual;53,92;6,718
20021217;231874;Tjuchem;30;9;manual;53,291;6,86
20021218;20310915;Zuidbroek;30;8;manual;53,175;6,847
20021224;2572258;Roswinkel;20;14;manual;52,833;7,42
20030101;19161531;Loppersum;30;10;manual;53,337;6,743
20030113;2454550;Ravenswoud;30;17;manual;52,971;6,413
20030118;18124332;Ten Post;30;10;manual;53,287;6,77
20030123;7461666;Garrelsweer;30;16;manual;53,307;6,752
20030130;1273024;Leermens;30;15;manual;53,342;6,793
20030131;15204778;Slochteren;30;3;manual;53,232;6,782
20030202;9322369;Ekehaar;30;20;manual;52,95;6,588
20030206;19252491;Overschild;30;3;manual;53,259;6,768
20030211;19294956;Zeerijp;30;13;manual;53,352;6,773
20030212;6222002;Hellum;30;8;manual;53,262;6,812
20030214;6542414;Boelenslaan;30;18;manual;53,146;6,122
20030228;21541819;Loppersum;30;7;manual;53,355;6,73
20030303;20512189;Middelstum;30;22;manual;53,36;6,662
20030306;20151867;Kiel-Windeweer;30;9;manual;53,141;6,753
20030309;5312670;Kantens;30;11;manual;53,372;6,64
20030323;16000310;Uithuizermeeden;30;15;manual;53,457;6,783
20030329;21090144;Lageland;30;4;manual;53,237;6,682
20030401;255209;Krewerd;30;3;manual;53,364;6,852
20030402;20194874;Westeremden;30;19;manual;53,34;6,718
20030405;16494833;Groningen;30;3;manual;53,209;6,63
20030406;75070;Overschild;30;1;manual;53,272;6,795
20030406;572790;Froombosch;30;10;manual;53,205;6,75
20030406;23020437;Froombosch;30;7;manual;53,206;6,763
20030416;16204253;Overschild;30;7;manual;53,281;6,775
20030418;23595500;Slochteren;30;0;manual;53,238;6,753
20030420;193919;Overschild;30;1;manual;53,246;6,75
20030428;21561133;Woltersum;30;10;manual;53,283;6,727
20030429;2550492;Woltersum;30;13;manual;53,284;6,73
20030514;20521591;Siddeburen;30;8;manual;53,254;6,865
20030514;22234652;Hellum;30;8;manual;53,257;6,847
20030521;4570924;Annen;30;11;manual;53,72;6,765
20030523;2595086;Wildervank;30;6;manual;53,84;6,823
20030531;23122573;Siddeburen;30;8;manual;53,247;6,875
20030603;16153891;Westeremden;30;15;manual;53,337;6,683
20030606;14271647;Harkstede;30;7;manual;53,225;6,682
20030608;5304724;Froombosch;30;10;manual;53,192;6,788
20030608;8141655;Woltersum;30;15;manual;53,271;6,737
20030616;441712;Ravenswoud;26;23;manual;52,963;6,407
20030805;18450849;Assen;30;11;manual;52,975;6,558
20030807;8242112;Zeerijp;30;17;manual;53,349;6,758
20030807;10563985;Zeerijp;30;13;manual;53,345;6,748
20030820;8461499;Borgercompagnie;30;5;manual;53,106;6,815
20030825;4245500;Kiel-Windeweer;30;7;manual;53,108;6,792
20030825;10053589;Hoogezand;30;9;manual;53,108;6,795
20030922;17501150;Uithuizen;30;24;manual;53,395;6,688
20030927;13575415;Westeremden;30;27;manual;53,348;6,697
20031011;11440834;Roswinkel;20;16;manual;52,835;7,55
20031024;1524116;Garrelsweer;30;30;manual;53,295;6,792
20031026;9170014;Garrelsweer;30;12;manual;53,304;6,788
20031029;14300926;Froombosch;30;10;manual;53,192;6,783
20031110;223803;Stedum;30;30;manual;53,325;6,69
20031110;2405501;Westeremden;30;14;manual;53,349;6,71
20031116;20041148;Westeremden;30;27;manual;53,344;6,702
20031226;10095893;Wirdum;30;14;manual;53,32;6,802
20031226;17051076;Oud Annerveen;30;-6;manual;53,84;6,755
20031228;4291829;Oud Annerveen;30;-3;manual;53,8;6,762
20031229;13095931;Delfzijl;30;15;manual;53,343;6,938
20040112;1054791;Kolham;30;16;manual;53,189;6,745
20040124;13534454;Woltersum;30;10;manual;53,271;6,72
20040130;11474099;Appingedam;30;12;manual;53,314;6,868
20040307;7183045;Veendam;30;2;manual;53,103;6,845
20040308;1411641;Meedhuizen;30;4;manual;53,292;6,895
20040316;23494124;Veendam;30;10;manual;53,9;6,88
20040321;17054458;Wagenborgen;30;14;manual;53,255;6,918
20040326;2324552;Siddeburen;30;5;manual;53,273;6,862
20040415;4502362;Eexterzandvoort;30;10;manual;53,41;6,8
20040430;22124389;Scharmer;30;5;manual;53,23;6,712
20040524;5031344;Wetsinge;30;14;manual;53,31;6,525
20040529;21064227;Winsum;30;8;manual;53,308;6,508
20040531;591996;Winsum;30;3;manual;53,313;6,518
20040610;1132672;Zandeweer;30;21;manual;53,391;6,663
20040621;23320276;Geelbroek;30;28;manual;52,944;6,568
20040727;22494594;Appingedam;30;12;manual;53,343;6,875
20040821;1063282;Sappemeer;30;18;manual;53,163;6,793
20040822;2560113;Ekehaar;30;10;manual;52,946;6,585
20040906;20312028;Roswinkel;20;10;manual;52,834;7,48
20040910;1564491;Schipborg;30;4;manual;53,64;6,67
20040918;3331238;Uithuizermeeden;30;12;manual;53,416;6,703
20040922;12443300;Winneweer;30;15;manual;53,311;6,743
20041008;13234272;Wildervank;25;13;manual;53,76;6,833
20041030;11405288;'t Zandt;30;14;manual;53,356;6,778
20041031;17272188;Marwijksoord;30;9;manual;52,952;6,633
20041113;12155732;Overschild;30;12;manual;53,291;6,802
20041123;22131036;Borgercompagnie;30;3;manual;53,116;6,82
20041124;18185795;Ten Post;30;19;manual;53,289;6,753
20041125;14255443;Froombosch;30;6;manual;53,194;6,772
20041126;6580152;Loppersum;30;16;manual;53,314;6,737
20041216;21143020;Harkstede;30;8;manual;53,231;6,652
20050109;23593853;Wirdum;30;17;manual;53,323;6,797
20050117;5558;Appingedam;30;11;manual;53,317;6,808
20050130;2313404;Ten Boer;30;10;manual;53,277;6,692
20050208;13203386;Middelstum;30;23;manual;53,316;6,638
20050215;19211101;Ekehaar;30;10;manual;52,955;6,605
20050216;10461786;Roodeschool;30;13;manual;53,404;6,793
20050218;11262987;Zuidlaren;30;6;manual;53,81;6,673
20050218;12554658;Loppersum;30;13;manual;53,34;6,735
20050218;18492565;Woudbloem;30;5;manual;53,231;6,75
20050218;22055217;Lageland;30;16;manual;53,239;6,727
20050220;6032465;Sappemeer;30;0;manual;53,176;6,795
20050225;3460986;Oosterwijtwerd;30;16;manual;53,336;6,812
20050301;16315941;Delfzijl;30;12;manual;53,326;6,922
20050308;23005853;Wagenborgen;30;9;manual;53,261;6,915
20050310;2043978;Oosterwijtwerd;30;20;manual;53,342;6,81
20050321;10583393;Overschild;30;9;manual;53,257;6,767
20050321;23211998;Buren;30;18;manual;53,457;5,85
20050402;23210874;Overschild;30;12;manual;53,27;6,798
20050418;19111659;Schildwolde;30;10;manual;53,264;6,803
20050421;20492164;Tjuchem;30;9;manual;53,291;6,885
20050422;144967;Appingedam;30;8;manual;53,334;6,858
20050430;19280272;Huizinge;30;10;manual;53,359;6,7
20050517;8501419;Siddeburen;30;10;manual;53,232;6,893
20050525;21334622;Noordbroek;30;11;manual;53,194;6,85
20050528;19575764;Morra;30;14;manual;53,374;6,88
20050530;15364587;Westeremden;30;23;manual;53,343;6,71
20050622;16020205;Oosterwijtwerd;30;15;manual;53,33;6,818
20050709;17013749;Lageland;30;11;manual;53,238;6,685
20050717;18070783;Garrelsweer;30;18;manual;53,319;6,747
20050725;3215898;Scharmer;30;8;manual;53,212;6,712
20050805;19230202;Sappemeer;30;22;manual;53,17;6,81
20050910;2051167;Garrelsweer;30;12;manual;53,316;6,772
20051005;9160295;Westerwijtwerd;30;17;manual;53,331;6,642
20051012;16064253;Smilde;30;25;manual;52,963;6,45
20051023;17033808;Middelstum;30;19;manual;53,366;6,675
20051111;17022954;Harkstede;30;14;manual;53,224;6,697
20060102;12004567;Lageland;30;11;manual;53,236;6,695
20060110;23410614;Eleveld;30;26;manual;52,956;6,572
20060114;22295476;Sappemeer;30;3;manual;53,177;6,767
20060118;8124665;Ten Post;30;15;manual;53,29;6,765
20060118;22081579;Overschild;30;16;manual;53,274;6,773
20060120;20225010;Loppersum;30;13;manual;53,336;6,74
20060123;11173996;Lageland;30;19;manual;53,237;6,697
20060128;3004203;Godlinze;30;11;manual;53,38;6,818
20060129;18265314;Eleveld;30;11;manual;52,952;6,58
20060211;20013592;Hellum;30;13;manual;53,256;6,847
20060212;14363863;Garrelsweer;30;15;manual;53,297;6,795
20060224;4503003;Wirdum;30;13;manual;53,312;6,788
20060304;4323396;Hoogezand;30;18;manual;53,144;6,742
20060321;14503370;Garrelsweer;30;24;manual;53,302;6,755
20060323;3122391;Overschild;30;22;manual;53,283;6,778
20060325;13543814;Roswinkel;20;21;manual;52,834;7,45
20060325;13555117;Roswinkel;20;17;manual;52,834;7,43
20060405;1410976;Delfzijl;30;14;manual;53,344;6,89
20060412;5202914;Steendam;30;12;manual;53,27;6,837
20060413;7385189;Garmerwolde;30;15;manual;53,24;6,647
20060416;13515250;Wirdum;30;19;manual;53,31;6,783
20060416;18445442;Garrelsweer;30;11;manual;53,313;6,77
20060419;17391534;Westeremden;30;16;manual;53,336;6,685
20060422;3415426;Loppersum;30;15;manual;53,325;6,752
20060422;17031341;Rottum;30;4;manual;53,382;6,598
20060423;1181828;Delfzijl;30;9;manual;53,338;6,883
20060423;15020776;Warffum;30;11;manual;53,389;6,537
20060502;16520131;Wirdum;30;10;manual;53,314;6,797
20060503;19163731;Ten Post;30;12;manual;53,29;6,767
20060507;16113206;Westeremden;30;14;manual;53,345;6,717
20060522;20234085;Lageland;30;9;manual;53,241;6,698
20060606;3173401;Schildwolde;30;14;manual;53,238;6,81
20060608;23310638;Lageland;30;8;manual;53,24;6,69
20060616;21064676;Ten Post;30;16;manual;53,292;6,77
20060617;2430864;Garrelsweer;30;12;manual;53,297;6,768
20060617;13162158;Appingedam;30;14;manual;53,33;6,852
20060623;22354314;Garrelsweer;30;17;manual;53,317;6,763
20060624;16421950;Oosterwijtwerd;30;12;manual;53,341;6,823
20060712;135633;Godlinze;30;9;manual;53,369;6,813
20060712;22562384;Appingedam;30;13;manual;53,309;6,868
20060716;8103915;Appingedam;30;15;manual;53,303;6,867
20060808;5040005;Westeremden;30;35;manual;53,35;6,697
20060808;9492338;Westeremden;30;25;manual;53,349;6,707
20060811;6212303;Harkstede;30;11;manual;53,219;6,672
20060826;22411856;Westeremden;30;23;manual;53,343;6,712
20060906;1373217;Eelderwolde;30;18;manual;53,189;6,522
20060927;23304428;Eppenhuizen;30;16;manual;53,367;6,687
20061006;102898;Garrelsweer;30;16;manual;53,302;6,79
20061015;20180095;Emmen;30;16;manual;52,767;6,885
20061023;13380584;Garsthuizen;30;23;manual;53,372;6,738
20061025;9454193;Delfzijl;30;14;manual;53,325;6,923
20061026;2574724;Laar (Duitsland);30;8;manual;52,642;6,803
20061026;13593783;Oldenzijl;30;14;manual;53,394;6,705
20061104;21044848;Ekehaar;30;13;manual;52,934;6,578
20061105;15002543;Overschild;30;12;manual;53,273;6,792
20061225;4571851;Leens;30;13;manual;53,34;6,403
20070110;18362854;Appingedam;30;15;manual;53,34;6,883
20070118;22294429;Overschild;30;9;manual;53,274;6,767
20070126;200910;Zeerijp;30;23;manual;53,352;6,755
20070131;1033587;Eppenhuizen;30;12;manual;53,368;6,672
20070204;4473516;Middelstum;30;6;manual;53,346;6,658
20070216;11140906;Harkstede;30;15;manual;53,228;6,702
20070217;1411401;Harkstede;30;26;manual;53,227;6,703
20070217;2210802;Harkstede;30;9;manual;53,228;6,683
20070217;19580145;Krewerd;30;9;manual;53,351;6,857
20070303;6433349;Lageland;30;11;manual;53,235;6,708
20070311;1081436;Wirdum;30;11;manual;53,326;6,78
20070321;23043636;Lageland;30;12;manual;53,24;6,722
20070329;20281425;Schipborg;30;7;manual;53,68;6,693
20070330;16250567;Lageland;30;12;manual;53,236;6,707
20070401;15423731;Harkstede;30;7;manual;53,23;6,69
20070413;14572817;Woudbloem;30;12;manual;53,226;6,743
20070514;12192402;Westeremden;30;20;manual;53,331;6,702
20070519;5332259;Zuidbroek;30;4;manual;53,163;6,828
20070609;20073363;Zeerijp;30;21;manual;53,353;6,747
20070610;17274031;Middelstum;30;17;manual;53,326;6,613
20070611;2181225;Westerwijtwerd;30;11;manual;53,321;6,653
20070623;2014522;Stedum;30;12;manual;53,317;6,703
20070702;20570335;Emmen;30;14;manual;52,767;6,875
20070815;5492424;Garsthuizen;30;15;manual;53,369;6,732
20070917;5012088;Leermens;30;15;manual;53,344;6,8
20070918;6163381;Schildwolde;30;9;manual;53,236;6,8
20070928;5264003;Middelstum;30;12;manual;53,338;6,623
20070930;14173563;Froombosch;30;21;manual;53,194;6,788
20071027;1575145;Loppersum;30;20;manual;53,333;6,748
20071113;10260583;Overschild;30;17;manual;53,293;6,823
20071130;21374584;Ubbena;30;15;manual;53,53;6,568
20071210;3591385;Sauwerd;30;7;manual;53,297;6,535
20080102;3361585;Hooghalen;30;14;manual;52,939;6,56
20080105;20314973;Nieuw Annerveen;30;17;manual;53,65;6,782
20080107;21531680;Garmerwolde;30;11;manual;53,243;6,658
20080124;19210170;Froombosch;30;15;manual;53,196;6,773
20080212;2484996;Wirdum;30;9;manual;53,311;6,783
20080217;16351519;Zuidlaren;30;18;manual;53,82;6,682
20080219;15445134;Kolham;30;9;manual;53,183;6,762
20080319;17021002;Tinallinge;30;12;manual;53,348;6,565
20080329;16572203;Appingedam;30;14;manual;53,292;6,842
20080331;7060250;Westeremden;30;12;manual;53,346;6,7
20080402;1153170;Ekehaar;30;19;manual;52,946;6,592
20080402;1283719;Ekehaar;30;25;manual;52,947;6,595
20080407;4322273;Meedhuizen;30;12;manual;53,294;6,897
20080411;22512622;Tjuchem;30;11;manual;53,283;6,875
20080415;4540321;Wetsinge;30;9;manual;53,312;6,557
20080422;11460253;Nieuw Annerveen;30;18;manual;53,68;6,77
20080428;2470109;Siddeburen;30;13;manual;53,258;6,86
20080505;19560831;Onderdendam;30;10;manual;53,333;6,59
20080509;21330307;Ten Post;30;13;manual;53,286;6,725
20080510;23203531;Loppersum;30;12;manual;53,327;6,728
20080518;13234614;Garsthuizen;28;22;manual;53,375;6,728
20080519;15072955;Loppersum;30;19;manual;53,325;6,74
20080530;14480851;Usquert;30;13;manual;53,408;6,633
20080601;11005877;Garrelsweer;30;13;manual;53,308;6,782
20080610;20510576;Wirdum;30;9;manual;53,31;6,785
20080615;6292702;Noordzee;35;21;manual;52,864;4,362
20080622;21061553;Hellum;30;9;manual;53,248;6,842
20080623;13521453;Veendam;30;11;manual;53,109;6,855
20080710;6573390;Holwierde;30;25;manual;53,35;6,882
20080723;20051297;Harkstede;30;12;manual;53,212;6,663
20080805;2355114;Emmen;30;20;manual;52,761;6,908
20080823;19490737;Loppersum;30;9;manual;53,33;6,725
20080826;22555265;Geelbroek;30;23;manual;52,949;6,565
20080914;20321248;Middelstum;30;11;manual;53,331;6,622
20080915;22265762;Eexterveen;30;10;manual;53,53;6,803
20080920;8455868;Lageland;30;13;manual;53,238;6,707
20080929;10204481;Rottum;30;18;manual;53,379;6,602
20081011;8193990;Noordzee;30;26;manual;52,7;4,372
20081026;2485006;Schildwolde;30;11;manual;53,243;6,805
20081026;7495241;Hooghalen;30;17;manual;52,944;6,553
20081029;16362182;Loppersum;30;14;manual;53,33;6,71
20081030;5542908;Loppersum;30;32;manual;53,337;6,72
20081107;16400127;Garsthuizen;30;22;manual;53,381;6,735
20081110;10550690;Oud Annerveen;30;7;manual;53,83;6,763
20081116;22510967;Eexterveen;30;12;manual;53,48;6,792
20081210;3223890;Overschild;30;11;manual;53,279;6,828
20081215;20411708;Middelstum;30;15;manual;53,336;6,6
20081223;15165884;Uithuizermeeden;30;14;manual;53,403;6,71
20081224;3271095;Vries;30;12;manual;53,65;6,582
20090101;8343908;Zuidlaren;30;15;manual;53,95;6,718
20090101;9354669;Delfzijl;30;12;manual;53,33;6,902
20090101;16544691;'t Zandt;30;17;manual;53,366;6,772
20090108;1170176;Westeremden;30;17;manual;53,348;6,717
20090109;20165844;Westeremden;30;19;manual;53,341;6,713
20090115;12411336;Appingedam;30;10;manual;53,339;6,872
20090117;6050364;Sappemeer;30;11;manual;53,17;6,795
20090201;4232416;Zeerijp;30;22;manual;53,36;6,74
20090203;6535207;Appingedam;30;12;manual;53,315;6,875
20090204;12235002;Garsthuizen;30;17;manual;53,376;6,742
20090205;11561295;Delfzijl;30;11;manual;53,328;6,923
20090216;9245558;Wirdum;30;14;manual;53,298;6,8
20090222;11562665;Noordlaren;30;8;manual;53,118;6,647
20090223;18031549;Tripscompagnie;30;10;manual;53,132;6,83
20090226;3031525;Noordlaren;30;11;manual;53,118;6,647
20090305;23363462;Noordlaren;30;8;manual;53,119;6,647
20090312;4365526;Noordlaren;30;6;manual;53,117;6,645
20090313;14333282;Holwierde;30;12;manual;53,35;6,902
20090314;15321631;Noordlaren;30;10;manual;53,119;6,652
20090317;4382741;Noordlaren;30;14;manual;53,119;6,648
20090318;14263947;Noordlaren;30;9;manual;53,12;6,653
20090320;21074886;Noordlaren;30;5;manual;53,119;6,642
20090321;4313570;Noordlaren;30;2;manual;53,122;6,648
20090322;321911;Noordlaren;30;12;manual;53,12;6,648
20090327;2512816;Wirdum;30;10;manual;53,308;6,81
20090414;21052588;Huizinge;30;26;manual;53,345;6,68
20090414;23350287;'t Zandt;30;9;manual;53,358;6,78
20090416;17121591;Appingedam;30;26;manual;53,313;6,845
20090420;14425149;Wirdum;30;15;manual;53,296;6,808
20090501;14130173;Scharmer;30;12;manual;53,222;6,72
20090504;11311656;'t Zandt;30;18;manual;53,356;6,782
20090507;1202354;'t Zandt;30;14;manual;53,379;6,778
20090507;3421264;Stedum;30;16;manual;53,316;6,728
20090507;13144256;Lageland;30;12;manual;53,253;6,723
20090508;5231195;Zeerijp;30;30;manual;53,354;6,762
20090508;15542287;Kropswolde;30;9;manual;53,142;6,715
20090522;1402953;Wildervank;30;13;manual;53,76;6,835
20090526;75958;Meedhuizen;30;13;manual;53,302;6,93
20090526;11003674;Farmsum;30;13;manual;53,314;6,928
20090601;2322549;Siddeburen;30;9;manual;53,23;6,878
20090615;15325085;Overschild;30;10;manual;53,286;6,813
20090705;10424626;Garrelsweer;30;18;manual;53,307;6,755
20090705;18524227;Schildwolde;30;12;manual;53,226;6,835
20090714;16111414;Noordzee;30;27;manual;52,773;4,308
20090722;11;Ten Post;30;17;manual;53,29;6,765
20090819;1493813;Groningen;30;7;manual;53,231;6,632
20090914;325139;Steendam;30;13;manual;53,278;6,845
20090929;2231019;Wirdum;30;16;manual;53,314;6,802
20091102;2000565;Emmen;30;14;manual;52,79;6,863
20091118;5174939;Hoogezand;30;16;manual;53,145;6,748
20091119;1093084;Wildervank;35;11;manual;53,71;6,817
20091119;13200942;Assen;30;9;manual;52,972;6,588
20091120;9273246;Garrelsweer;30;12;manual;53,321;6,747
20091126;12541403;De Hoeve;30;28;manual;52,892;6,113
20091202;8533122;Appingedam;30;11;manual;53,291;6,833
20091204;4123214;Ten Post;30;23;manual;53,284;6,743
20091207;245987;Waddenzee (nabij Eemshaven);30;13;manual;53,451;6,923
20091221;4552814;Woudbloem;30;15;manual;53,224;6,743
20091223;18382541;Garrelsweer;30;15;manual;53,309;6,76
20091225;23375217;Woudbloem;30;7;manual;53,227;6,75
20100109;12311238;Eppenhuizen;30;17;manual;53,367;6,665
20100114;17122265;Overschild;30;12;manual;53,293;6,817
20100211;7141260;Oud Annerveen;30;3;manual;53,84;6,767
20100217;15550198;Froombosch;30;12;manual;53,192;6,792
20100219;23125158;Overschild;30;18;manual;53,288;6,802
20100304;19595789;Leermens;30;14;manual;53,342;6,792
20100331;15150277;Froombosch;30;24;manual;53,19;6,777
20100403;11505676;Middelstum;30;14;manual;53,346;6,658
20100425;460040;Wirdum;30;16;manual;53,318;6,8
20100425;13131717;Zuidbroek;30;10;manual;53,157;6,85
20100503;9261607;Godlinze;30;23;manual;53,387;6,81
20100505;3380303;Zijldijk;30;16;manual;53,404;6,775
20100507;8263578;Waddenzee (nabij Usquert);30;25;manual;53,491;6,617
20100508;23360721;Tjuchem;30;10;manual;53,278;6,865
20100509;17050955;Wagenborgen;30;17;manual;53,247;6,927
20100521;2340918;Tjuchem;30;9;manual;53,281;6,87
20100526;12535907;Hellum;30;9;manual;53,235;6,833
20100530;18583612;Lageland;30;15;manual;53,238;6,678
20100608;2202886;Noordbroek;30;10;manual;53,199;6,847
20100609;19192246;Froombosch;30;20;manual;53,182;6,775
20100610;19573518;Slochteren;30;11;manual;53,226;6,652
20100616;1075796;Krewerd;30;15;manual;53,358;6,853
20100621;400748;Luddeweer;30;13;manual;53,249;6,745
20100621;4025842;Groningen;30;15;manual;53,218;6,62
20100621;8060370;Wildervank;30;17;manual;53,74;6,835
20100704;1580472;Schildwolde;30;8;manual;53,251;6,8
20100724;464362;Ten Post;30;18;manual;53,28;6,735
20100814;7432025;Uithuizen;30;25;manual;53,403;6,703
20100829;18133057;Slochteren;30;16;manual;53,209;6,828
20100831;17545658;Zandeweer;30;14;manual;53,376;6,683
20100903;10540427;Schildwolde;30;10;manual;53,227;6,813
20101006;20222396;Slochteren;30;9;manual;53,218;6,775
20101022;19311137;Kolham;30;10;manual;53,18;6,732
20101031;14463898;Appingedam;30;10;manual;53,312;6,872
20101115;11424595;Westeremden;30;14;manual;53,348;6,703
20101124;4102518;Farmsum;30;6;manual;53,281;6,955
20101202;13443979;Usquert;30;12;manual;53,423;6,58
20101207;14425006;Appingedam;30;12;manual;53,313;6,862
20101208;15020555;Loppersum;30;11;manual;53,317;6,735
20101230;9565847;Eems-Dollard (nabij Emden);30;9;manual;53,335;7,5
20110106;6173634;Garrelsweer;30;13;manual;53,295;6,78
20110107;21343732;Nieuwolda;30;17;manual;53,245;6,967
20110116;1561792;Annen;30;18;manual;53,57;6,762
20110119;19393166;Westerwijtwerd;30;24;manual;53,319;6,645
20110122;9281793;Sappemeer;30;11;manual;53,166;6,793
20110128;15070224;Lellens;30;15;manual;53,301;6,712
20110130;9280407;Ten Post;30;14;manual;53,302;6,722
20110208;4162501;Overschild;30;13;manual;53,258;6,763
20110311;4324155;Siddeburen;30;14;manual;53,263;6,863
20110313;20161068;Overschild;30;15;manual;53,271;6,775
20110314;20024592;Sappemeer;30;8;manual;53,176;6,812
20110319;2343944;Nieuwe Pekela;30;9;manual;53,66;6,933
20110326;2314891;Hellum;30;12;manual;53,253;6,82
20110326;20455434;Loppersum;30;15;manual;53,335;6,732
20110328;3144865;Sappemeer;30;20;manual;53,168;6,805
20110408;1045975;Eemshaven;30;13;manual;53,446;6,843
20110412;16584048;Gieterveen;30;9;manual;53,35;6,838
20110413;20282271;Overschild;30;9;manual;53,288;6,8
20110415;4385389;Noordbroek;30;15;manual;53,2;6,837
20110420;20294467;Veendam;30;8;manual;53,83;6,902
20110424;6400896;Zuidbroek;30;5;manual;53,156;6,853
20110428;2410404;Steendam;30;14;manual;53,285;6,848
20110428;8484137;Stedum;30;14;manual;53,312;6,727
20110502;23441044;Meeden;30;12;manual;53,127;6,937
20110505;41806;Scheemda;30;8;manual;53,174;6,932
20110507;12441055;Wirdum;30;11;manual;53,328;6,772
20110508;13402327;Overschild;30;9;manual;53,278;6,802
20110510;3381570;Krewerd;30;10;manual;53,35;6,863
20110510;17201190;Harkstede;30;12;manual;53,224;6,657
20110512;16442983;Kolham;30;18;manual;53,195;6,757
20110512;16510576;Hellum;30;11;manual;53,239;6,828
20110518;22651;Wirdum;30;8;manual;53,32;6,77
20110518;17482584;Hellum;30;19;manual;53,248;6,845
20110519;90496;Eems-Dollard (nabij Eemshaven);30;9;manual;53,422;6,893
20110519;18160430;Krewerd;30;12;manual;53,359;6,843
20110519;19415219;Zijldijk;30;14;manual;53,396;6,777
20110523;5151359;Zuidbroek;30;9;manual;53,155;6,818
20110523;7493121;Overschild;30;12;manual;53,27;6,767
20110526;15560813;Zijldijk;30;19;manual;53,407;6,775
20110527;23041235;Onnen;30;17;manual;53,182;6,647
20110602;194019;Garsthuizen;30;10;manual;53,376;6,737
20110602;16431714;Overschild;30;8;manual;53,274;6,822
20110605;9403082;Haren;30;15;manual;53,176;6,612
20110605;23083782;Usquert;30;14;manual;53,522;6,485
20110610;590000;Thesinge;30;10;manual;53,271;6,647
20110618;15421971;Noordbroek;30;13;manual;53,199;6,845
20110619;20220900;Zuidlaren;30;11;manual;53,72;6,705
20110619;20503519;Zuidlaren;30;3;manual;53,75;6,703
20110623;9144629;Wirdum;30;17;manual;53,321;6,775
20110624;494726;Zeerijp;30;11;manual;53,359;6,735
20110627;4102835;Ten Post;30;10;manual;53,285;6,743
20110627;15480971;Garrelsweer;30;32;manual;53,303;6,787
20110627;16273650;Garrelsweer;30;14;manual;53,295;6,777
20110627;22553433;Wirdum;30;11;manual;53,305;6,802
20110705;11443048;Noordzee;35;25;manual;52,917;4,28
20110723;19141950;Schildwolde;30;12;manual;53,246;6,775
20110727;171432;Tjuchem;30;12;manual;53,285;6,88
20110727;17442204;Farmsum;30;12;manual;53,286;6,953
20110727;18420941;Zandeweer;30;11;manual;53,387;6,662
20110729;22483363;Loppersum;30;18;manual;53,337;6,728
20110801;11200520;'t Zandt;30;9;manual;53,368;6,798
20110802;16442038;Zuidlaren;30;16;manual;53,74;6,727
20110817;21180409;Garrelsweer;30;10;manual;53,303;6,787
20110818;21444061;Woltersum;30;13;manual;53,281;6,733
20110820;9394217;Bedum;30;15;manual;53,279;6,625
20110823;15080064;Sappemeer;30;16;manual;53,168;6,817
20110831;4514024;Eppenhuizen;30;11;manual;53,37;6,693
20110831;6235716;Uithuizen;30;25;manual;53,444;6,687
20110904;13005612;Stedum;30;8;manual;53,316;6,678
20110906;21481098;Leermens;30;25;manual;53,337;6,805
20110907;4145733;Overschild;30;15;manual;53,267;6,763
20110915;202982;Appingedam;30;16;manual;53,323;6,823
20110922;5540764;Assen;30;9;manual;52,969;6,58
20110925;491027;Loppersum;30;10;manual;53,348;6,728
20110925;12590128;Zeerijp;30;20;manual;53,363;6,728
20111004;19523936;Noordzee;30;26;manual;52,822;4,265
20111008;474262;Siddeburen;30;19;manual;53,261;6,862
20111009;4334284;Noordzee;30;31;manual;53,281;3,885
20111009;21431408;Thesinge;30;15;manual;53,281;6,662
20111024;17272717;Farmsum;30;13;manual;53,316;6,965
20111104;18021209;Oosterwijtwerd;30;15;manual;53,343;6,808
20111106;5374250;Harkstede;30;7;manual;53,226;6,682
20111107;17503378;Eexterveen;30;10;manual;53,58;6,798
20111107;19263127;Lageland;30;12;manual;53,246;6,685
20111109;15085255;Nieuwolda;30;16;manual;53,255;6,958
20111115;2124685;Ekehaar;30;9;manual;52,953;6,592
20111115;8141103;Farmsum;30;15;manual;53,292;6,967
20111118;21272097;Froombosch;30;2;manual;53,206;6,773
20111127;5000095;Appingedam;30;17;manual;53,313;6,822
20111204;15345210;Overschild;30;13;manual;53,293;6,825
20111220;21353932;Tripscompagnie;30;9;manual;53,145;6,817
20111220;23171320;Noordzee;30;22;manual;52,773;4,288
20111223;11371713;Groningen;30;11;manual;53,203;6,627
20111230;6201269;Middelstum;30;22;manual;53,352;6,657
20120106;17135309;Middelstum;30;19;manual;53,359;6,667
20120107;6571279;Zuidwolde;30;16;manual;53,262;6,628
20120116;21110081;Wirdum;30;13;manual;53,319;6,793
20120121;72674;Lageland;30;11;manual;53,237;6,682
20120124;11353849;Garrelsweer;30;13;manual;53,315;6,755
20120127;6183298;Oude Pekela;30;16;manual;53,103;6,968
20120128;13425926;Zeerijp;30;9;manual;53,349;6,757
20120130;9062469;Ten Post;30;15;manual;53,295;6,745
20120131;19370626;Tjuchem;30;14;manual;53,288;6,872
20120201;423848;Sappemeer;30;9;manual;53,156;6,803
20120204;9562290;Zeerijp;30;18;manual;53,357;6,722
20120205;16533843;Eenum;30;14;manual;53,329;6,793
20120205;16584463;Tjuchem;30;15;manual;53,276;6,902
20120207;190383;Tjuchem;30;14;manual;53,295;6,868
20120212;1333010;Noordzee;30;13;manual;52,689;4,37
20120212;7060570;Noordzee;30;17;manual;52,782;4,327
20120216;55919;Stedum;30;19;manual;53,307;6,692
20120217;8084415;Garsthuizen;30;17;manual;53,358;6,708
20120217;17174995;Nieuwediep;30;10;manual;53,33;6,87
20120219;18571012;Siddeburen;30;18;manual;53,259;6,872
20120304;17293914;Groningen;30;9;manual;53,241;6,633
20120307;9511659;Siddeburen;30;13;manual;53,23;6,882
20120307;17222691;Overschild;30;10;manual;53,293;6,825
20120308;3545680;Schildwolde;30;5;manual;53,264;6,798
20120308;11033598;Sappemeer;30;10;manual;53,168;6,785
20120316;8284645;Noordzee (nabij Schoorl);30;10;manual;52,702;4,613
20120318;18282791;Meedhuizen;30;9;manual;53,303;6,902
20120323;3465688;Froombosch;30;4;manual;53,21;6,748
20120327;14401191;Stedum;30;10;manual;53,313;6,735
20120331;2580339;Wagenborgen;30;16;manual;53,249;6,917
20120404;21163316;Tjuchem;30;17;manual;53,288;6,872
20120407;2254797;Garrelsweer;30;15;manual;53,295;6,798
20120413;1144953;Hellum;30;7;manual;53,261;6,838
20120414;20392837;Waddenzee (nabij Uithuizen);30;9;manual;53,487;6,695
20120416;21014717;Wirdum;30;11;manual;53,309;6,787
20120418;12070543;Loppersum;30;12;manual;53,341;6,733
20120418;22244948;Noordzee (nabij Schoorl);30;18;manual;52,7;4,625
20120421;21391177;Krewerd;30;3;manual;53,352;6,833
20120425;17252455;Sappemeer;30;20;manual;53,178;6,818
20120506;4233311;Overschild;30;8;manual;53,273;6,823
20120510;21072144;Siddeburen;30;8;manual;53,247;6,878
20120511;232576;Delfzijl;30;9;manual;53,331;6,885
20120513;16224453;Appingedam;30;9;manual;53,298;6,835
20120515;14105272;Siddeburen;30;8;manual;53,249;6,893
20120517;2541904;Hellum;30;9;manual;53,248;6,852
20120524;15523981;Middelstum;30;15;manual;53,359;6,67
20120528;7413726;Overschild;30;6;manual;53,278;6,815
20120602;1122294;Sappemeer;30;7;manual;53,184;6,817
20120608;5543215;Kolham;30;9;manual;53,183;6,76
20120614;3050838;Wagenborgen;30;17;manual;53,254;6,922
20120615;5233712;Siddeburen;30;15;manual;53,246;6,863
20120621;8013667;Wirdum;30;17;manual;53,322;6,783
20120621;23442279;Appingedam;30;11;manual;53,319;6,813
20120622;13314388;Ten Post;30;14;manual;53,296;6,755
20120622;15102890;Ten Post;30;8;manual;53,29;6,753
20120627;315762;Muntendam;30;5;manual;53,151;6,85
20120627;391266;Muntendam;30;3;manual;53,151;6,852
20120627;19445937;Eext;30;4;manual;53,45;6,762
20120627;19454806;Eexterzandvoort;30;2;manual;53,46;6,762
20120703;16550577;Overschild;30;11;manual;53,269;6,768
20120707;130508;Overschild;30;8;manual;53,289;6,8
20120707;280885;Loppersum;30;7;manual;53,331;6,773
20120710;18090903;Lettelbert;30;9;manual;53,196;6,403
20120712;17020263;Steendam;30;10;manual;53,278;6,85
20120716;20212997;Garrelsweer;30;6;manual;53,319;6,768
20120719;12425752;Sappemeer;30;9;manual;53,177;6,802
20120725;18121505;Overschild;30;8;manual;53,293;6,823
20120727;17125350;Stedum;30;12;manual;53,315;6,68
20120730;11364690;Loppersum;30;13;manual;53,34;6,73
20120730;13141143;Wirdum;30;10;manual;53,323;6,787
20120730;21090299;Sappemeer;30;5;manual;53,177;6,783
20120801;3241114;Oosterwijtwerd;30;7;manual;53,333;6,8
20120808;14112314;Harkstede;30;8;manual;53,211;6,67
20120809;23234983;Haren;30;15;manual;53,183;6,613
20120814;3015981;Garrelsweer;30;10;manual;53,305;6,785
20120815;19173649;Leermens;30;24;manual;53,353;6,805
20120816;7545164;Zeerijp;30;12;manual;53,362;6,752
20120816;20303328;Huizinge;30;36;manual;53,345;6,672
20120817;264175;Toornwerd;30;6;manual;53,36;6,653
20120817;6345246;Siddeburen;30;8;manual;53,238;6,898
20120823;21064974;Appingedam;30;7;manual;53,3;6,833
20120828;23271796;Appingedam;30;9;manual;53,308;6,835
20120923;4541939;Middelstum;30;9;manual;53,346;6,645
20120928;10322349;Schildwolde;30;12;manual;53,219;6,83
20120930;1092296;Froombosch;30;6;manual;53,208;6,752
20120930;16352490;Grolloo;30;7;manual;52,939;6,62
20121007;2444371;Annen;30;10;manual;53,53;6,768
20121013;22364624;Steendam;30;9;manual;53,279;6,85
20121016;19003692;Kollum;30;11;manual;53,297;6,133
20121023;17052905;Garrelsweer;30;13;manual;53,311;6,777
20121027;10552379;Groningen;30;10;manual;53,239;6,613
20121030;21051085;Garrelsweer;30;7;manual;53,297;6,763
20121113;16475186;Uithuizen;30;10;manual;53,408;6,695
20121114;13450091;Steendam;30;9;manual;53,278;6,838
20121117;7573970;Garrelsweer;30;11;manual;53,29;6,79
20121118;1180620;Tjuchem;30;7;manual;53,272;6,89
20121122;22201171;Appingedam;30;11;manual;53,315;6,87
20121127;20011116;Froombosch;30;14;manual;53,209;6,785
20121127;20025991;Schildwolde;30;5;manual;53,23;6,805
20121130;16175046;Hellum;30;10;manual;53,261;6,833
20121130;16175346;Steendam;30;11;manual;53,254;6,83
20121217;9135787;Loppersum;30;12;manual;53,323;6,73
20121220;20252016;Zuidbroek;30;6;manual;53,169;6,855
20121225;20362964;'t Zandt;30;12;manual;53,377;6,783
20130105;4084145;Appingedam;30;9;manual;53,306;6,823
20130105;23145898;Noordzee;30;26;manual;52,824;4,258
20130109;17572505;Houwerzijl;30;10;manual;53,316;6,327
20130111;12514710;Eems-Dollard (nabij Delfzijl);30;14;manual;53,346;6,96
20130111;22365057;Usquert;30;18;manual;53,407;6,602
20130111;22385718;Siddeburen;30;8;manual;53,265;6,852
20130112;1282464;Zuidbroek;30;5;manual;53,168;6,872
20130112;16244074;Holwierde;30;9;manual;53,345;6,862
20130112;22373254;Tjuchem;30;9;manual;53,273;6,85
20130118;16440060;Zandeweer;30;12;manual;53,389;6,663
20130119;20100648;Overschild;30;24;manual;53,285;6,79
20130127;8493837;Froombosch;30;12;manual;53,186;6,773
20130128;17435379;Meedhuizen;30;15;manual;53,275;6,912
20130203;14132478;Harkstede;30;14;manual;53,23;6,703
20130204;4204087;Slochteren;30;9;manual;53,202;6,79
20130205;14530858;Groningen;30;15;manual;53,222;6,643
20130207;22315838;Zandeweer;30;27;manual;53,375;6,667
20130209;5261005;Zeerijp;30;27;manual;53,366;6,758
20130210;8150825;Tjuchem;30;15;manual;53,289;6,855
20130211;6085215;Garrelsweer;30;20;manual;53,297;6,783
20130211;8070815;Ten Post;30;18;manual;53,292;6,768
20130211;12014536;Woudbloem;30;18;manual;53,218;6,758
20130213;5164661;Losdorp;30;18;manual;53,368;6,845
20130215;14284253;Wirdum;30;20;manual;53,319;6,795
20130216;4063141;Eems-Dollard (nabij Farmsum);30;8;manual;53,328;6,993
20130216;7425023;Steendam;30;8;manual;53,252;6,833
20130218;64622;Wagenborgen;30;19;manual;53,266;6,973
20130218;5540017;Zeerijp;30;7;manual;53,349;6,782
20130221;21140844;Zeerijp;30;7;manual;53,364;6,753
20130225;1364052;Garrelsweer;30;10;manual;53,303;6,782
20130227;23491385;Froombosch;30;4;manual;53,206;6,768
20130302;5311497;Westerwijtwerd;30;9;manual;53,335;6,648
20130306;11252783;Alkmaar;20;7;manual;52,646;4,713
20130313;1571054;Overschild;30;8;manual;53,285;6,83
20130314;3091861;Farmsum;30;10;manual;53,315;6,942
20130316;13065376;Waddenzee (nabij Eemshaven);30;20;manual;53,474;6,792
20130329;14280677;Scharmer;30;9;manual;53,233;6,717
20130402;13491544;Siddeburen;30;11;manual;53,223;6,872
20130415;22560371;Garsthuizen;30;9;manual;53,375;6,74
20130423;12314243;Sappemeer;30;6;manual;53,157;6,8
20130427;21122499;Loppersum;30;10;manual;53,341;6,76
20130428;18180310;Loppersum;30;13;manual;53,328;6,733
20130429;20321814;Harkstede;30;8;manual;53,229;6,66
20130430;15280053;Woltersum;30;7;manual;53,274;6,735
20130501;4072944;Groningen;30;9;manual;53,245;6,637
20130502;21110811;Eenum;30;7;manual;53,335;6,793
20130510;4252420;Siddeburen;30;14;manual;53,259;6,853
20130513;3465629;Wagenborgen;30;11;manual;53,247;6,922
20130519;12151605;Appingedam;30;8;manual;53,3;6,858
20130522;8351892;Sappemeer;30;12;manual;53,177;6,777
20130522;11380726;Overschild;30;12;manual;53,287;6,812
20130524;11100241;Westeremden;30;12;manual;53,33;6,705
20130525;14075106;Harkstede;30;11;manual;53,229;6,693
20130525;16182952;Loppersum;30;10;manual;53,331;6,713
20130525;16443926;Usquert;30;9;manual;53,411;6,61
20130525;19540935;Geelbroek;30;11;manual;52,953;6,57
20130530;23511351;Steendam;30;12;manual;53,282;6,838
20130531;1402420;Steendam;30;10;manual;53,278;6,838
20130603;18073630;Appingedam;30;12;manual;53,318;6,867
20130605;17512801;Garrelsweer;30;7;manual;53,292;6,78
20130605;22105624;Groningen;30;9;manual;53,243;6,637
20130607;6334927;Farmsum;30;13;manual;53,283;6,985
20130608;23213567;Harkstede;30;7;manual;53,209;6,702
20130614;22201299;Appingedam;30;7;manual;53,319;6,833
20130614;22360428;Siddeburen;30;6;manual;53,23;6,872
20130618;21392069;Scharmer;30;7;manual;53,23;6,72
20130623;9211896;Appingedam;30;11;manual;53,3;6,867
20130627;20450394;Westerwijtwerd;30;13;manual;53,331;6,643
20130630;1274833;Schildwolde;30;8;manual;53,227;6,818
20130630;21551124;Garrelsweer;30;8;manual;53,317;6,758
20130630;22521031;Loppersum;30;7;manual;53,326;6,753
20130702;23035550;Garrelsweer;30;30;manual;53,294;6,785
20130703;5104187;Toornwerd;30;9;manual;53,355;6,637
20130708;7540462;Wetsinge;30;16;manual;53,305;6,542
20130713;13231239;Appingedam;30;9;manual;53,332;6,87
20130714;21015943;Eenum;30;11;manual;53,333;6,785
20130720;3331325;Wirdum;30;24;manual;53,323;6,803
20130720;5051833;Wirdum;30;19;manual;53,323;6,775
20130721;2444704;Steendam;30;13;manual;53,269;6,83
20130721;8295726;Garrelsweer;30;7;manual;53,287;6,778
20130726;15361822;Groningen;30;9;manual;53,243;6,638
20130730;18234054;Schildwolde;30;7;manual;53,215;6,828
20130731;11010934;Scharmer;30;10;manual;53,221;6,718
20130807;1134620;Sappemeer;30;6;manual;53,179;6,782
20130807;22524481;Schildwolde;30;9;manual;53,263;6,803
20130808;15085614;Schildwolde;30;10;manual;53,256;6,798
20130809;17523013;Waddenzee (nabij Buren);30;18;manual;53,443;5,913
20130814;13174241;Harkstede;30;11;manual;53,233;6,653
20130816;11350293;Lageland;30;21;manual;53,244;6,697
20130821;15501110;Overschild;30;9;manual;53,278;6,793
20130825;2060453;Garrelsweer;30;13;manual;53,313;6,775
20130827;5054888;Appingedam;30;11;manual;53,301;6,865
20130901;13043764;Westeremden;30;15;manual;53,343;6,715
20130904;1333217;Zeerijp;30;28;manual;53,344;6,772
20130918;3422573;Appingedam;30;9;manual;53,292;6,83
20130922;2255375;Garmerwolde;30;17;manual;53,245;6,665
20130922;2441846;Lageland;30;10;manual;53,249;6,68
20130922;14501962;Lageland;30;16;manual;53,236;6,67
20130924;22093566;Zuidlaren;30;11;manual;53,81;6,715
20130925;7161103;Garrelsweer;30;11;manual;53,289;6,787
20130925;19553441;Tjuchem;30;12;manual;53,282;6,862
20130928;2204188;Startenhuizen;30;19;manual;53,383;6,727
20130929;18113091;Garmerwolde;30;13;manual;53,248;6,648
20130930;14563523;Scharmer;30;12;manual;53,222;6,715
20131001;595165;Scharmer;30;11;manual;53,22;6,717
20131002;8574474;Wirdum;30;14;manual;53,312;6,787
20131002;22322194;Borgsweer;30;9;manual;53,301;7,13
20131003;422118;Garrelsweer;30;12;manual;53,314;6,777
20131010;18310571;Startenhuizen Lopp;30;15;manual;53,37;6,713
20131022;21014528;Noordzee (nabij Castricum);30;25;manual;52,551;4,588
20131023;594625;Lageland;30;11;manual;53,262;6,733
20131023;17450309;Noordzee (nabij Castricum);30;20;manual;52,555;4,585
20131023;23573736;Siddeburen;30;11;manual;53,257;6,863
20131027;8540597;Noordzee (nabij Egmond aan Zee);30;18;manual;52,559;4,548
20131105;16511486;Noordzee (nabij Egmond aan Zee);30;17;manual;52,567;4,533
20131107;1230014;Tjuchem;30;15;manual;53,281;6,878
20131109;1190354;Annen;30;24;manual;53,52;6,755
20131110;1474098;Garrelsweer;30;12;manual;53,298;6,772
20131115;17463624;Stedum;30;16;manual;53,318;6,715
20131118;13310274;Loppersum;30;14;manual;53,322;6,747
20131126;23545309;Appingedam;30;20;manual;53,327;6,845
20131128;19020069;Noordzee (nabij Egmond aan Zee);30;17;manual;52,57;4,548
20131206;8122470;Scharmer;30;13;manual;53,226;6,725
20131208;3324889;Meedhuizen;30;11;manual;53,282;6,922
20131220;5123776;Slochteren;30;13;manual;53,213;6,823
20131222;21514450;Schildwolde;30;10;manual;53,23;6,813
20131223;481254;Westeremden;30;12;manual;53,348;6,692
20140102;4000680;Froombosch;30;14;manual;53,206;6,755
20140104;23384280;Harkstede;30;11;manual;53,23;6,647
20140109;493502;Onderdendam;30;11;manual;53,315;6,578
20140112;23330016;Garrelsweer;30;9;manual;53,295;6,77
20140116;19483291;Farmsum;30;12;manual;53,277;6,973
20140121;1120510;Noordwolde;30;10;manual;53,271;6,568
20140123;3502639;Garsthuizen;30;6;manual;53,377;6,737
20140123;16181020;Zuidbroek;30;11;manual;53,182;6,887
20140126;14211757;Lageland;30;15;manual;53,236;6,678
20140203;6304847;Loppersum;30;15;manual;53,334;6,757
20140205;18113411;Schildwolde;30;9;manual;53,25;6,787
20140205;21254687;Assen;30;20;manual;52,96;6,568
20140206;21390975;Froombosch;30;13;manual;53,185;6,785
20140211;1181304;Meedhuizen;30;8;manual;53,294;6,953
20140213;2131432;'t Zandt;30;30;manual;53,357;6,782
20140217;4541210;Ten Post;30;8;manual;53,304;6,742
20140218;5033271;Huizinge;30;17;manual;53,337;6,662
20140228;4385292;Ten Post;30;12;manual;53,279;6,75
20140304;3171834;Wildervank;30;8;manual;53,83;6,828
20140310;3391005;Zeerijp;30;9;manual;53,351;6,768
20140311;9053314;Noordbroek;30;11;manual;53,197;6,82
20140311;9082339;Schildwolde;30;23;manual;53,228;6,822
20140312;74565;Ekehaar;30;13;manual;52,949;6,59
20140314;3592813;Groningen;30;8;manual;53,211;6,652
20140314;22251561;Appingedam;30;10;manual;53,31;6,828
20140315;19092414;Appingedam;30;19;manual;53,306;6,873
20140318;21151825;Rottum;30;21;manual;53,39;6,618
20140321;16222930;Slochteren;30;11;manual;53,209;6,828
20140323;10284866;Sappemeer;30;16;manual;53,166;6,798
20140327;8251870;Siddeburen;30;14;manual;53,259;6,863
20140328;21281325;Waddenzee (nabij Uithuizermeeden);30;13;manual;53,48;6,758
20140330;20584782;Farmsum;30;14;manual;53,282;6,993
20140331;19011765;Lageland;30;7;manual;53,238;6,672
20140402;5473689;Sappemeer;30;11;manual;53,161;6,808
20140402;5485168;Sappemeer;30;12;manual;53,163;6,802
20140403;1274187;Sappemeer;30;10;manual;53,179;6,817
20140404;7390007;Garmerwolde;30;12;manual;53,25;6,667
20140409;4434367;Tjuchem;30;11;manual;53,264;6,903
20140417;20183563;Loppersum;30;13;manual;53,327;6,723
20140420;8360363;Zeerijp;30;14;manual;53,351;6,743
20140426;8505599;Schildwolde;30;13;manual;53,237;6,813
20140427;21492525;Westerbroek;30;5;manual;53,184;6,702
20140512;22182314;Woudbloem;30;13;manual;53,212;6,732
20140513;18160594;Westerwijtwerd;30;14;manual;53,333;6,64
20140517;2350470;Kolham;30;16;manual;53,192;6,745
20140519;17255018;Meedhuizen;30;10;manual;53,277;6,94
20140612;7133202;Froombosch;30;12;manual;53,207;6,763
20140612;22102913;Kolham;30;8;manual;53,191;6,752
20140616;15164051;Westeremden;30;18;manual;53,349;6,71
20140629;13402312;Slochteren;30;7;manual;53,213;6,822
20140702;7065177;Meedhuizen;30;13;manual;53,275;6,917
20140702;17341667;Slochteren;30;21;manual;53,214;6,79
20140706;3070658;Haren;30;9;manual;53,185;6,618
20140707;19565427;Lageland;30;12;manual;53,24;6,688
20140707;23134437;Overschild;30;10;manual;53,269;6,752
20140708;11371622;Lageland;30;12;manual;53,244;6,707
20140715;16245115;Slochteren;30;7;manual;53,215;6,827
20140722;17450751;Siddeburen;30;9;manual;53,249;6,862
20140809;15545975;Appingedam;30;13;manual;53,323;6,835
20140819;19252429;Garsthuizen;30;12;manual;53,376;6,725
20140821;11035500;Garsthuizen;30;12;manual;53,373;6,727
20140825;10271465;Slochteren;30;8;manual;53,23;6,782
20140901;1401436;Groningen;30;5;manual;53,236;6,625
20140901;7174291;Froombosch;30;26;manual;53,194;6,787
20140901;7535899;Slochteren;30;16;manual;53,197;6,813
20140923;16325451;Lageland;30;14;manual;53,24;6,72
20140923;17344831;Luddeweer;30;10;manual;53,242;6,728
20140924;23493644;Westeremden;30;10;manual;53,351;6,693
20140925;20490946;Meedhuizen;30;15;manual;53,276;6,937
20140930;11420341;Garmerwolde;30;28;manual;53,258;6,655
20141021;6491508;Zeerijp;30;15;manual;53,358;6,747
20141105;1123446;Zandeweer;30;29;manual;53,374;6,678
20141111;13272705;Amen;30;20;manual;52,937;6,602
20141116;415145;Siddeburen;30;9;manual;53,228;6,863
20141116;19541638;Woudbloem;30;6;manual;53,228;6,762
20141122;4090397;Westeremden;30;13;manual;53,355;6,698
20141129;20233122;Appingedam;30;10;manual;53,331;6,84
20141130;1034896;Middelstum;30;14;manual;53,36;6,672
20141203;4123631;Noordbroek;30;9;manual;53,19;6,832
20141205;2461124;Lageland;30;11;manual;53,237;6,672
20141228;15130698;Zeerijp;30;13;manual;53,35;6,753
20141230;2373666;Scharmer;30;28;manual;53,208;6,728
20141230;6464244;Slochteren;30;8;manual;53,239;6,753
20150106;6552820;Wirdum;30;27;manual;53,324;6,768
20150106;18264409;Farmsum;30;10;manual;53,322;6,937
20150111;23052448;Sappemeer;30;15;manual;53,171;6,797
20150114;11545692;Hellum;30;11;manual;53,257;6,848
20150118;10541025;Scharmer;30;15;manual;53,233;6,72
20150122;3441655;Hellum;30;6;manual;53,245;6,822
20150123;11453729;Sappemeer;30;12;manual;53,175;6,797
20150126;18072398;Wirdum;30;11;manual;53,319;6,8
20150127;15114285;Sappemeer;30;5;manual;53,178;6,793
20150131;5292965;Sappemeer;30;8;manual;53,172;6,792
20150131;16214889;Eems-Dollard (nabij Holwierde);30;16;manual;53,371;6,942
20150202;23153376;Overschild;30;9;manual;53,268;6,743
20150203;22256;Wildervank;30;16;manual;53,67;6,863
20150204;22344767;Oosterwijtwerd;30;11;manual;53,328;6,832
20150205;3571443;Noordzee;30;18;manual;52,894;4,248
20150210;7425208;Loppersum;30;9;manual;53,349;6,728
20150211;2020000;Godlinze;30;4;manual;53,374;6,808
20150212;16055396;Hoogezand;30;19;manual;53,143;6,752
20150213;4090027;Overschild;30;8;manual;53,281;6,83
20150222;6085020;Siddeburen;30;8;manual;53,264;6,855
20150222;6213364;Sappemeer;30;6;manual;53,183;6,805
20150222;19005282;Meedhuizen;30;14;manual;53,291;6,94
20150224;17340901;Schildwolde;30;8;manual;53,237;6,82
20150225;10025692;Appingedam;30;23;manual;53,323;6,857
20150301;10163048;Overschild;30;12;manual;53,272;6,81
20150301;16324739;Houwerzijl;30;14;manual;53,334;6,343
20150301;19424906;Kommerzijl;30;15;manual;53,288;6,33
20150314;19265973;Onnen;30;7;manual;53,166;6,667
20150316;23572947;Overschild;30;6;manual;53,279;6,79
20150324;3233599;Scharmer;30;11;manual;53,234;6,718
20150324;13275675;Appingedam;30;23;manual;53,322;6,855
20150325;6460292;Uithuizermeeden;30;12;manual;53,433;6,743
20150405;22285366;Emmen;30;19;manual;52,759;6,903
20150406;13102664;Farmsum;30;13;manual;53,291;6,975
20150406;17311048;Harkstede;30;7;manual;53,216;6,662
20150415;231065;Appingedam;30;9;manual;53,306;6,885
20150415;3330346;Siddeburen;30;8;manual;53,231;6,872
20150422;335581;Slochteren;30;8;manual;53,221;6,803
20150503;16500851;Meedhuizen;30;11;manual;53,276;6,922
20150507;13172201;Froombosch;30;11;manual;53,193;6,792
20150507;19111796;Zeerijp;30;10;manual;53,347;6,743
20150508;19012115;Onnen;30;11;manual;53,167;6,647
20150513;1095167;Siddeburen;30;12;manual;53,262;6,9
20150516;14144914;Appingedam;30;16;manual;53,306;6,847
20150521;21084770;Schildwolde;30;18;manual;53,244;6,81
20150527;10521000;Uithuizen;30;20;manual;53,404;6,668
20150602;23373889;Appingedam;30;7;manual;53,313;6,834
20150604;20112569;Zuidbroek;30;10;manual;53,168;6,856
20150606;23391580;Zeerijp;30;19;manual;53,34;6,75
20150607;13543689;Garrelsweer;30;5;manual;53,319;6,757
20150610;2260729;Zeerijp;30;18;manual;53,344;6,753
20150610;9180709;Westeremden;30;4;manual;53,343;6,713
20150610;14212750;Westeremden;30;8;manual;53,345;6,713
20150610;14361889;Eppenhuizen;30;8;manual;53,372;6,677
20150623;481639;Anna Paulowna;30;15;manual;52,858;4,821
20150626;22064239;Scharmer;30;0;manual;53,226;6,721
20150629;11315439;Woudbloem;30;6;manual;53,227;6,733
20150630;530010;Ten Boer;30;5;manual;53,276;6,685
20150702;15535960;Scharmer;30;5;manual;53,209;6,72
20150704;4180229;Sappemeer;30;5;manual;53,151;6,802
20150704;11054700;Zuidwolde;30;6;manual;53,261;6,617
20150704;18075839;Westeremden;30;11;manual;53,351;6,694
20150706;4250859;Noordbroek;30;5;manual;53,183;6,831
20150707;3090080;Zuidwolde;30;21;manual;53,262;6,631
20150708;2473289;Appingedam;30;4;manual;53,3;6,835
20150710;15492230;Zuidbroek;30;5;manual;53,173;6,866
20150716;2271480;Overschild;30;8;manual;53,295;6,817
20150716;8581960;Westeremden;30;4;manual;53,341;6,715
20150718;7371469;Siddeburen;30;7;manual;53,268;6,865
20150718;23472910;Kolham;30;5;manual;53,193;6,761
20150719;20064479;Appingedam;30;6;manual;53,323;6,851
20150720;22060819;Thesinge;30;4;manual;53,281;6,66
20150721;2180490;Oosterwijtwerd;30;13;manual;53,332;6,803
20150721;9541100;Garmerwolde;30;6;manual;53,242;6,656
20150724;2292289;Noordzee;30;25;manual;53,674;4,497
20150730;15345239;Froombosch;30;7;manual;53,184;6,772
20150802;1324350;Thesinge;30;6;manual;53,277;6,637
20150807;12274320;Loppersum;30;8;manual;53,339;6,759
20150811;10083389;Scharmer;30;9;manual;53,205;6,729
20150812;23013189;Oosterwijtwerd;30;3;manual;53,329;6,812
20150813;5474720;Oosterwijtwerd;30;6;manual;53,333;6,818
20150817;101259;Zeerijp;30;6;manual;53,35;6,761
20150818;7061259;Kolham;30;20;manual;53,185;6,754
20150822;123080;Woudbloem;30;14;manual;53,231;6,745
20150822;10111019;Usquert;30;16;manual;53,395;6,602
20150823;7083260;Sappemeer;30;3;manual;53,176;6,807
20150824;20333080;Wirdum;30;5;manual;53,324;6,787
20150826;18163410;Schildwolde;30;4;manual;53,218;6,838
20150827;4482410;Woudbloem;30;2;manual;53,231;6,741
20150828;2523300;Meedhuizen;30;8;manual;53,294;6,942
20150828;8072780;Slochteren;30;13;manual;53,211;6,826
20150828;17223879;Usquert;30;13;manual;53,392;6,584
20150905;3343069;Foxhol;30;5;manual;53,169;6,727
20150909;20015189;Harkstede;30;12;manual;53,219;6,701
20150910;16080869;Startenhuizen Lopp;30;8;manual;53,372;6,713
20150930;18053720;Hellum;30;31;manual;53,234;6,834
20150930;21341240;Emmen;30;23;manual;52,778;6,88
20151009;271939;Appingedam;30;3;manual;53,296;6,835
20151010;2440620;Wagenborgen;30;2;manual;53,266;6,926
20151010;5514860;Schildwolde;30;2;manual;53,258;6,8
20151011;4414239;Zuidbroek;30;3;manual;53,17;6,853
20151022;21534070;Zuidwolde;30;5;manual;53,262;6,582
20151024;2353300;Noordbroek;30;7;manual;53,217;6,881
20151027;15462830;Garrelsweer;30;12;manual;53,318;6,75
20151029;6051040;Farmsum;30;8;manual;53,279;6,958
20151030;16071880;Garrelsweer;30;17;manual;53,294;6,776
20151030;18490110;Meedhuizen;30;23;manual;53,285;6,92
20151109;13173700;Nieuwolda;30;7;manual;53,249;6,952
20151110;16322350;Schildwolde;30;6;manual;53,235;6,797
20151112;12300900;Harkstede;30;6;manual;53,207;6,705
20151115;23014270;Zeerijp;30;9;manual;53,357;6,743
20151128;4063900;Emmen;30;12;manual;52,766;6,924
20151202;6400270;Hellum;30;16;manual;53,24;6,831
20151203;4404820;Garmerwolde;30;5;manual;53,25;6,641
20151208;3542230;Huizinge;30;8;manual;53,336;6,67
20151213;15181350;Kantens;30;4;manual;53,37;6,653
20151214;2474570;Emmen;30;14;manual;52,763;6,919
20151215;15020;Delfzijl;30;16;manual;53,332;6,892
20151215;7435510;Bedum;30;17;manual;53,276;6,604
20151225;4193660;Loppersum;30;13;manual;53,315;6,735
20160102;42830;Sint Annen;30;5;manual;53,3;6,68
20160107;5255510;Sappemeer;30;16;manual;53,168;6,814
20160111;5313539;Sappemeer;30;6;manual;53,185;6,813
20160113;6414229;Hellum;30;13;manual;53,248;6,855
20160117;11573360;Hellum;30;15;manual;53,258;6,84
20160119;13190740;'t Zandt;30;6;manual;53,362;6,77
20160120;3570819;Lageland;30;6;manual;53,242;6,714
20160126;22223339;Scharmer;30;15;manual;53,203;6,72
20160205;21113860;Harkstede;30;4;manual;53,228;6,666
20160217;205279;Nieuwolda;30;9;manual;53,244;6,953
20160218;8144420;Winneweer;30;4;manual;53,311;6,738
20160219;3042180;Garrelsweer;30;1;manual;53,317;6,746
20160219;21483770;Zuidwolde;30;13;manual;53,26;6,617
20160220;3445879;Toornwerd;30;7;manual;53,355;6,627
20160221;5091430;Zeerijp;30;2;manual;53,358;6,739
20160225;22263089;Froombosch;30;24;manual;53,184;6,781
20160229;1195739;Froombosch;30;3;manual;53,182;6,778
20160301;7294720;Loppersum;30;3;manual;53,328;6,714
20160303;19542910;Froombosch;30;2;manual;53,191;6,772
20160304;13002930;Eppenhuizen;30;9;manual;53,372;6,685
20160307;10165300;Steendam;30;12;manual;53,268;6,826
20160309;22510720;Schildwolde;30;4;manual;53,212;6,839
20160311;11332380;Noordbroek;30;9;manual;53,198;6,833
20160316;14580270;Overschild;30;5;manual;53,264;6,792
20160320;22021380;Hellum;30;5;manual;53,254;6,852
20160324;8003550;Tjuchem;30;6;manual;53,29;6,879
20160325;1265920;Muntendam;30;18;manual;53,151;6,901
20160325;9463920;Garmerwolde;30;7;manual;53,244;6,645
20160331;13334229;Zuidwolde;30;7;manual;53,268;6,624
20160402;475339;Garmerwolde;30;11;manual;53,249;6,657
20160404;18124989;Westerwijtwerd;30;5;manual;53,315;6,656
20160409;8312469;Westerbroek;30;5;manual;53,199;6,665
20160409;17455729;Garrelsweer;30;3;manual;53,295;6,775
20160413;11004589;Farmsum;30;7;manual;53,272;6,958
20160424;6585860;Tjuchem;30;4;manual;53,29;6,851
20160424;15364729;Schildwolde;30;11;manual;53,231;6,825
20160501;7325020;Uithuizermeeden;30;4;manual;53,405;6,707
20160506;17273960;Westeremden;30;7;manual;53,342;6,694
20160511;7113370;Bedum;30;4;manual;53,295;6,564
20160515;11571569;Woldendorp;30;10;manual;53,268;6,989
20160516;20384179;Meedhuizen;30;11;manual;53,291;6,916
20160528;2082030;Groningen;30;12;manual;53,237;6,635
20160529;14275460;Overschild;30;11;manual;53,286;6,835
20160601;8025450;Zeerijp;30;12;manual;53,361;6,75
20160602;18431300;Wagenborgen;30;15;manual;53,249;6,924
20160616;561669;Harkstede;30;3;manual;53,226;6,681
20160616;3270800;Hellum;30;5;manual;53,231;6,833
20160616;20174370;Siddeburen;30;2;manual;53,249;6,863
20160618;11104670;Leermens;30;1;manual;53,345;6,799
20160618;23582510;Kolham;30;12;manual;53,184;6,766
20160622;13101019;Oosterwijtwerd;30;7;manual;53,344;6,811
20160629;471269;Wagenborgen;30;4;manual;53,267;6,977
20160706;21540040;Westerwijtwerd;30;3;manual;53,337;6,66
20160709;10475379;Hoogezand;30;11;manual;53,135;6,787
20160717;12011889;Zuidbroek;30;5;manual;53,182;6,887
20160718;8581150;Eppenhuizen;30;17;manual;53,378;6,709
20160722;10551530;Tjuchem;30;3;manual;53,28;6,855
20160723;17594500;Noordbroek;30;1;manual;53,219;6,898
20160726;14021040;Tjuchem;30;9;manual;53,277;6,907
20160728;5321309;Tjuchem;30;2;manual;53,281;6,86
20160728;15572810;Hellum;30;8;manual;53,25;6,824
20160807;20402200;Kantens;30;13;manual;53,374;6,644
20160808;33939;Zuidbroek;30;4;manual;53,17;6,892
20160810;18162530;Stedum;30;5;manual;53,312;6,669
20160814;1504489;Oostwold Gem Oldambt;30;7;manual;53,234;7,19
20160814;4075070;Harkstede;30;2;manual;53,22;6,678
20160823;2111610;Oostwold Gem Oldambt;30;6;manual;53,224;7,27
20160824;13090840;Meedhuizen;30;8;manual;53,305;6,903
20160824;18442319;Garsthuizen;30;6;manual;53,372;6,724
20160824;23440300;Eems-Dollard (nabij Delfzijl);30;11;manual;53,354;6,95
20160828;3275310;Uithuizen;30;13;manual;53,401;6,636
20160901;75229;Scharmer;30;4;manual;53,205;6,714
20160902;13160090;Schildwolde;30;21;manual;53,218;6,844
20160909;12212330;Oosterwijtwerd;30;8;manual;53,337;6,811
20160911;23225570;Ten Post;30;2;manual;53,278;6,744
20160921;14213210;Wagenborgen;30;12;manual;53,254;6,945
20160927;23221409;Groningen;30;9;manual;53,244;6,616
20161002;1471719;Wirdum;30;3;manual;53,328;6,779
20161004;14461950;Garrelsweer;30;5;manual;53,293;6,784
20161006;2564650;Schildwolde;30;4;manual;53,239;6,813
20161007;161750;Eems-Dollard (nabij Bierum);30;9;manual;53,403;6,961
20161012;7124620;Ten Post;30;5;manual;53,305;6,725
20161024;9434739;Tjuchem;30;6;manual;53,289;6,862
20161029;14361419;Steendam;30;6;manual;53,288;6,846
20161030;20581900;Kollum;30;15;manual;53,308;6,152
20161101;122860;Wirdum;30;19;manual;53,301;6,807
20161101;574600;Wirdum;30;22;manual;53,306;6,809
20161105;16581580;Wagenborgen;30;8;manual;53,266;6,94
20161108;11231769;Eenum;30;14;manual;53,331;6,795
20161108;11253379;Eenum;30;9;manual;53,329;6,794
20161110;6354260;Siddeburen;30;7;manual;53,239;6,874
20161120;15200759;Ten Post;30;10;manual;53,299;6,744
20161120;17584070;Wirdum;30;12;manual;53,3;6,802
20161120;18575670;Appingedam;30;16;manual;53,336;6,838
20161122;12460370;Woldendorp;30;6;manual;53,274;7,11
20161122;17391269;Bedum;30;7;manual;53,299;6,577
20161125;2111660;Garmerwolde;30;3;manual;53,246;6,644
20161126;13183589;Leermens;30;6;manual;53,343;6,805
20161126;17033450;Siddeburen;30;10;manual;53,261;6,909
20161127;19123270;Krewerd;30;9;manual;53,355;6,849
20161202;8582100;Appingedam;30;8;manual;53,317;6,869
20161205;12154370;Wagenborgen;30;4;manual;53,257;6,913
20161205;22110640;Appingedam;30;1;manual;53,339;6,838
20161207;1524960;Loppersum;30;18;manual;53,333;6,774
20161211;254210;Nieuwolda;30;2;manual;53,235;6,935
20161212;11280700;Woldendorp;30;6;manual;53,264;6,977
20161215;4444870;Leermens;30;6;manual;53,343;6,807
20161215;10453050;Eems-Dollard (nabij Holwierde);30;16;manual;53,378;6,934
20161216;19552339;Nieuwolda;30;6;manual;53,254;6,984
20161217;11564700;Groningen;30;6;manual;53,211;6,652
20161220;16153960;Harkstede;30;11;manual;53,215;6,696
20161222;23410119;Holwierde;30;5;manual;53,345;6,867
20161223;14294950;Zuidlaren;30;24;manual;53,83;6,712
20161230;3055379;Wirdum;30;10;manual;53,301;6,802
20161230;3060750;Overschild;30;6;manual;53,292;6,81
20170103;21082430;Meedhuizen;30;9;manual;53,277;6,946
20170114;12471989;Schildwolde;30;6;manual;53,214;6,84
20170117;18531030;Hellum;30;7;manual;53,248;6,839
20170119;22444760;Wirdum;30;9;manual;53,327;6,774
20170120;22301869;Siddeburen;30;6;manual;53,254;6,874
20170122;11014860;Sappemeer;30;5;manual;53,18;6,781
20170127;5112069;Zuidbroek;30;7;manual;53,156;6,851
20170127;23415970;Garrelsweer;30;1;manual;53,302;6,776
20170204;2565289;Garsthuizen;30;9;manual;53,371;6,739
20170204;3112680;Kantens;30;8;manual;53,368;6,657
20170204;3273739;Garsthuizen;30;6;manual;53,371;6,736
20170205;15493379;Kantens;30;13;manual;53,374;6,65
20170206;21190679;Sappemeer;30;9;manual;53,143;6,81
20170212;14432369;Startenhuizen;30;13;manual;53,381;6,713
20170214;7454420;Zandeweer;30;9;manual;53,378;6,672
20170214;20520409;Garsthuizen;30;8;manual;53,371;6,718
20170215;12013710;Startenhuizen;30;16;manual;53,377;6,714
20170219;13212580;Zijldijk;30;14;manual;53,393;6,758
20170219;20151030;Harkstede;30;5;manual;53,223;6,672
20170221;23194670;Garrelsweer;30;4;manual;53,304;6,754
20170225;5324710;Loppersum;30;13;manual;53,325;6,735
20170226;6250850;Zandeweer;30;12;manual;53,386;6,675
20170226;21394879;Wirdum;30;14;manual;53,328;6,778
20170228;21265139;Wirdum;30;9;manual;53,32;6,782
20170303;55210;Appingedam;30;5;manual;53,306;6,869
20170306;11351309;Onderdendam;30;16;manual;53,327;6,571
20170311;12524800;Zeerijp;30;21;manual;53,35;6,761
20170312;23363860;Wagenborgen;30;6;manual;53,251;6,938
20170314;5223629;Delfzijl;30;13;manual;53,319;6,886
20170315;18315100;Zuidbroek;30;6;manual;53,169;6,888
20170404;10004429;Woldendorp;30;18;manual;53,271;6,991
20170404;22362769;Garrelsweer;30;1;manual;53,29;6,791
20170407;17435010;Westerbroek;30;5;manual;53,169;6,682
20170409;8411159;Meedhuizen;30;6;manual;53,281;6,908
20170410;171939;Steendam;30;13;manual;53,27;6,838
20170410;21405210;Froombosch;30;6;manual;53,209;6,762
20170410;23371300;Woldendorp;30;11;manual;53,269;6,989
20170413;10335539;Uithuizermeeden;30;14;manual;53,429;6,75
20170419;17110890;Loppersum;30;5;manual;53,319;6,724
20170426;13564929;Scharmer;30;20;manual;53,21;6,713
20170503;11155420;Stedum;30;15;manual;53,312;6,727
20170509;18123210;Emmen;30;16;manual;52,767;6,909
20170512;20470919;Stedum;30;1;manual;53,31;6,723
20170512;21160310;Stedum;30;3;manual;53,313;6,725
20170514;9432110;Rottum;30;14;manual;53,388;6,643
20170515;23345679;Zuidwolde;30;12;manual;53,265;6,598
20170516;1312560;Overschild;30;17;manual;53,285;6,805
20170517;7123339;Appingedam;30;9;manual;53,304;6,835
20170520;2405229;Meedhuizen;30;11;manual;53,295;6,909
20170520;18254410;Meedhuizen;30;4;manual;53,296;6,904
20170525;22085870;Froombosch;30;4;manual;53,211;6,754
20170527;15290060;Slochteren;30;26;manual;53,211;6,834
20170530;3442869;Uithuizermeeden;30;14;manual;53,433;6,75
20170601;21044029;Kropswolde;30;7;manual;53,134;6,742
20170606;13045389;Siddeburen;30;10;manual;53,269;6,863
20170606;15160400;Ten Post;30;7;manual;53,3;6,74
20170607;261040;Harkstede;30;12;manual;53,232;6,67
20170619;15060389;Meedhuizen;30;10;manual;53,281;6,94
20170629;2133089;Stedum;30;7;manual;53,316;6,724
20170629;5185379;Meeden;30;3;manual;53,148;6,938
20170630;17275450;Woudbloem;30;4;manual;53,22;6,746
20170703;21435889;Siddeburen;30;8;manual;53,261;6,851
20170705;23190279;Bedum;30;10;manual;53,276;6,612
20170707;2193689;Slochteren;30;7;manual;53,21;6,83
20170710;8441660;Loppersum;30;7;manual;53,332;6,741
20170714;7552910;Borgsweer;30;6;manual;53,282;6,994
20170714;9385339;Schildwolde;30;6;manual;53,221;6,841
20170716;21032050;Bedum;30;13;manual;53,278;6,611
20170721;1221989;Kantens;30;11;manual;53,381;6,659
20170722;4231839;Noordbroek;30;4;manual;53,196;6,827
20170725;15000830;Loppersum;30;10;manual;53,352;6,737
20170725;19041650;Westeremden;30;4;manual;53,339;6,687
20170807;5564279;Garrelsweer;30;5;manual;53,317;6,744
20170810;10102969;Ten Post;30;9;manual;53,298;6,733
20170813;20261910;Zeerijp;30;5;manual;53,358;6,743
20170814;3185979;Garsthuizen;30;12;manual;53,367;6,742
20170814;15025020;Zeerijp;30;3;manual;53,36;6,742
20170816;11314629;Stedum;30;3;manual;53,307;6,673
20170817;5385900;Uithuizermeeden;30;8;manual;53,423;6,748
20170822;3512569;Meedhuizen;30;3;manual;53,271;6,95
20170824;8562969;Farmsum;30;10;manual;53,289;6,971
20170829;7401300;Appingedam;30;18;manual;53,322;6,822
20170830;11255639;Scharmer;30;15;manual;53,193;6,708
20170831;23330819;Sappemeer;30;2;manual;53,179;6,813
20170901;20361780;Zandeweer;30;11;manual;53,376;6,667
20170905;5302489;Appingedam;30;13;manual;53,34;6,865
20170905;6095850;Appingedam;30;12;manual;53,341;6,863
20170905;22082789;Tjuchem;30;19;manual;53,281;6,876
20170911;2303160;Appingedam;30;9;manual;53,32;6,824
20170914;24089;Zeerijp;30;5;manual;53,344;6,741
20170920;3562319;Haren;30;14;manual;53,166;6,618
20170920;5283460;Appingedam;30;16;manual;53,298;6,834
20170923;19364200;Wagenborgen;30;9;manual;53,244;6,912
20170924;18492239;Garmerwolde;30;9;manual;53,255;6,651
20170927;4185139;Tjuchem;30;6;manual;53,297;6,88
20170927;22544839;Garrelsweer;30;12;manual;53,3;6,761
20170930;17155450;Lageland;30;11;manual;53,241;6,727
20171011;454620;Vries;30;7;manual;53,7;6,586
20171015;13583169;Kantens;30;10;manual;53,379;6,661
20171016;22592469;Zuidwolde;30;5;manual;53,268;6,623
20171017;463080;Meedhuizen;30;8;manual;53,305;6,949
20171029;11042980;Groningen;30;10;manual;53,234;6,538
20171029;22552869;Eems-Dollard (nabij Holwierde);30;12;manual;53,381;6,923
20171103;120150;Sappemeer;30;8;manual;53,177;6,821
20171104;1022900;Appingedam;30;6;manual;53,328;6,873
20171115;2130800;Westerwijtwerd;30;8;manual;53,328;6,644
20171116;18375860;Wagenborgen;30;7;manual;53,269;6,937
20171119;20490100;Emmen;30;16;manual;52,755;6,899
20171122;21235820;Overschild;30;15;manual;53,285;6,807
20171125;19523189;Thesinge;30;5;manual;53,268;6,669
20171125;20194760;Schoonebeek;30;12;manual;52,681;6,876
20171128;17335720;Uithuizermeeden;30;9;manual;53,406;6,709
20171130;17462410;Meedhuizen;30;8;manual;53,312;6,892
20171201;11333329;Zeerijp;30;17;manual;53,36;6,736
20171201;21054179;Zeerijp;30;13;manual;53,357;6,757
20171202;9003329;Appingedam;30;17;manual;53,306;6,881
20171202;9094660;Appingedam;30;4;manual;53,308;6,879
20171206;14012410;Oostwold Gem Oldambt;30;7;manual;53,228;7,22
20171206;23285970;'t Zandt;30;18;manual;53,386;6,784
20171210;16483310;'t Zandt;30;21;manual;53,37;6,765
20171215;20554300;Wirdum;30;8;manual;53,312;6,791
20171221;19385939;Oostwold Gem Oldambt;30;10;manual;53,224;7,21
20171222;19402819;Zeerijp;30;17;manual;53,366;6,752
20171222;20061169;Zeerijp;30;4;manual;53,357;6,75
20171224;17495070;Appingedam;30;7;manual;53,305;6,833
20171225;12522700;Tjuchem;30;7;manual;53,287;6,883
20171228;14003060;Tjuchem;30;13;manual;53,287;6,882
20171229;23154889;Zeerijp;30;14;manual;53,357;6,756
20180101;14465110;Tjuchem;30;8;manual;53,287;6,884
20180108;14005239;Zeerijp;30;34;manual;53,363;6,751
20180109;15464960;Zeerijp;30;7;manual;53,355;6,752
20180117;4373929;Groningen;30;10;manual;53,221;6,597
20180120;8192180;Groningen;30;9;manual;53,22;6,599
20180122;7231780;Harkstede;30;9;manual;53,228;6,691
20180122;15421800;Siddeburen;30;5;manual;53,248;6,89
20180131;13110400;Siddeburen;30;16;manual;53,259;6,871
20180205;23495970;Loppersum;30;4;manual;53,336;6,762
20180207;20072639;Garrelsweer;30;2;manual;53,295;6,764
20180208;15253060;Loppersum;30;20;manual;53,335;6,751
20180210;9583979;Scharmer;30;17;manual;53,228;6,71
20180211;16545700;Garrelsweer;30;22;manual;53,293;6,78
20180212;10445320;Garsthuizen;30;9;manual;53,371;6,714
20180217;8173050;Uithuizermeeden;30;10;manual;53,427;6,747
20180218;1265420;Loppersum;30;10;manual;53,335;6,763
20180218;14051889;Wagenborgen;30;5;manual;53,241;6,933
20180220;18280520;Noordbroek;30;4;manual;53,184;6,827
20180301;13033700;Garrelsweer;30;13;manual;53,287;6,775
20180301;21342650;Loppersum;30;9;manual;53,326;6,76
20180308;12253489;Veendam;30;7;manual;53,122;6,943
20180309;16350880;Het Waar;30;5;manual;53,223;6,949
20180310;4130579;Appingedam;30;13;manual;53,314;6,861
20180325;11094879;Garrelsweer;30;16;manual;53,288;6,778
20180325;14294929;Garrelsweer;30;1;manual;53,321;6,759
20180325;15541619;Uithuizen;30;15;manual;53,404;6,66
20180327;20145879;Schildwolde;30;7;manual;53,263;6,8
20180331;6440379;Harkstede;30;12;manual;53,231;6,676
20180401;3130850;Zeerijp;30;6;manual;53,35;6,741
20180404;3354139;Loppersum;30;9;manual;53,334;6,75
20180407;7174939;Lauwerzijl;30;17;manual;53,312;6,305
20180407;8250579;Kommerzijl;30;10;manual;53,3;6,325
20180408;17384060;Uithuizen;30;5;manual;53,408;6,687
20180410;15483069;Eems-Dollard (nabij Holwierde);30;9;manual;53,37;6,946
20180413;21313539;Garsthuizen;30;28;manual;53,371;6,75
20180416;571200;Scharmer;30;6;manual;53,205;6,708
